OBJECTID,Request__,Status,Request_Type,Subrequest_Type,Additional_Subrequest_Type,Request_Origin,Contact_Type,Preferred_Language,State_Issue,Parent_Request,Address,City,Council_District,Latitude,Longitude,Date_Time_Opened,Date_Time_Closed,ZIP,GlobalID
1,966190,Closed,Resolved by hubNashville on First Call,Resolved by hubNashville on First Call,Resolved by hubNashville on First Call,Phone,,,False,,"1301 Pilgrim Dr, Nashville, TN 37115, United States",MADISON,8.0,36.2718801,-86.7175492,2022-05-04 17:54:30,2022-05-04 17:54:30,37115,fb805513-6d51-4be1-814f-d56a65e75893
2,932934,Closed,Public Safety,Abandoned Vehicles,Abandoned Vehicles,Phone,,,False,,"1237 Tuckahoe Dr, Nashville, TN 37207, United States",NASHVILLE,3.0,36.25727,-86.76369,2022-04-01 21:01:39,2022-04-05 11:29:54,37207,2396e6fa-e2f9-43cd-8831-a90fabc98c17
3,932939,Closed,"Trash, Recycling & Litter",Cart Service,Trash - Report a Damaged Cart,Phone,,,False,,"3613 Wells Ct, Nashville, TN 37013, United States",ANTIOCH,33.0,36.080968,-86.602406,2022-04-01 21:04:50,2022-04-06 20:14:15,37013,49944bdb-2887-4861-96e3-c4c438e38c3d
4,932935,Closed,Resolved by hubNashville on First Call,Resolved by hubNashville on First Call,Resolved by hubNashville on First Call,Phone,,,False,,,,,,,2022-04-01 21:01:47,2022-04-01 21:01:47,,121a2bba-437a-4232-b024-32d6dff82ed9
5,932938,Closed,Public Safety,Request Non-Emergency Police Assistance,,Phone,,,False,,"401 Broadway, Nashville, TN 37203, United States",NASHVILLE,19.0,36.16074,-86.77726,2022-04-01 21:03:10,2022-04-01 22:04:31,37203,6e41dc9e-2f90-4def-a668-5de2cfdac933
6,932936,Closed,Resolved by hubNashville on First Call,Resolved by hubNashville on First Call,Resolved by hubNashville on First Call,Phone,,,False,,,,,,,2022-04-01 21:01:49,2022-04-01 21:01:49,,a6be3ad2-05ee-48b3-ae01-675eb4ae1ccf
7,932943,Closed,Public Safety,Request Non-Emergency Police Assistance,,Phone,,,False,,"1005 Hickory Hill Ln, Nashville, TN 37076, United States",HERMITAGE,14.0,36.1897858,-86.6314104,2022-04-01 21:08:39,2022-04-01 23:49:34,37076,ea7b1c63-3bfe-4efd-b698-9a19ad341d89
8,932944,Closed,Resolved by hubNashville on First Call,Resolved by hubNashville on First Call,Resolved by hubNashville on First Call,Phone,,,False,,"211 Duke St, Nashville, TN 37207, United States",NASHVILLE,5.0,36.2075196,-86.7646158,2022-04-01 21:09:06,2022-04-01 21:09:06,37207,ec7c2c2b-ec2b-45f8-ba3d-c2ebdf45ea20
9,932940,Closed,Public Safety,Request Non-Emergency Police Assistance,,Phone,,,False,,,,,,,2022-04-01 21:06:59,2022-04-01 21:24:04,,d09bf930-06b0-4287-80d6-e0ffddfe8c1f
10,794228,Closed,Public Safety,MEANS (Metro Emergency Alert Notification System),MEANS (Metro Emergency Alert Notification System),hubNashville Community,,,False,,3100 Wingate Ave,NASHVILLE,16.0,36.10471,-86.73455,2021-10-03 06:09:18,2021-10-04 15:12:17,37211,281cd10e-db4a-476b-9a76-7372b3f52042
11,932933,Closed,"Streets, Roads & Sidewalks",Traffic Light Timing,Traffic Light Timing,Phone,,,False,,"Old Lebanon Dirt Rd & Andrew Jackson Pkwy, Nashville, TN 37076, USA",HERMITAGE,12.0,36.1879552,-86.6077612,2022-04-01 21:01:29,2022-04-04 16:15:22,37076,b28fed68-e48d-4883-9316-5f3fa22e234c
12,811427,Closed,Resolved by hubNashville on First Call,Resolved by hubNashville on First Call,Resolved by hubNashville on First Call,Phone,,,False,,,,,,,2021-10-26 18:49:18,2021-10-26 18:49:18,,e2287c3b-933e-4f2f-820d-5686af73e55a
13,811442,Closed,Resolved by hubNashville on First Call,Resolved by hubNashville on First Call,Resolved by hubNashville on First Call,Phone,,,False,,,,,,,2021-10-26 19:00:57,2021-10-26 19:00:57,,9f9572c6-2520-4606-a11a-b0c1cc72149d
14,965876,Closed,Public Safety,Control Number Request for Towing,Control Number Request for Towing,Mobile App,,,False,,"Buena Vista Pike, Nashville, TN, USA",NASHVILLE,3.0,36.2228312,-86.8217586,2022-05-04 14:02:12,2022-05-04 14:02:12,37218,21e0fc70-d280-4d62-93f2-e6b5111b35e7
15,932945,New,"Streets, Roads & Sidewalks",Roadwork Complaint,Roadwork Complaint,hubNashville Community,,,False,,"215 6th Ave N, Nashville, TN 37219, United States",NASHVILLE,19.0,36.163,-86.782,2022-04-01 21:12:11,,37219,9c9d02cc-84d8-463e-84f8-d4222fa268ea
16,1032616,Closed,Resolved by hubNashville on First Call,Resolved by hubNashville on First Call,Resolved by hubNashville on First Call,Phone,,,False,,,,,,,2022-08-02 16:20:36,2022-08-02 16:20:36,,02ab5704-9ea5-4281-a1c7-ee4dcf516ce9
17,811431,Closed,Resolved by hubNashville on First Call,Resolved by hubNashville on First Call,Resolved by hubNashville on First Call,Phone,,,False,,,,,,,2021-10-26 18:51:30,2021-10-26 18:51:30,,a26e576c-f853-4e22-9413-970d582c5f57
18,811441,Closed,Property Violations,Tall Grass and Weeds,Tall Grass and Weeds,hubNashville Community,,,False,,"1613 18th Ave S, Nashville, TN 37212, United States",NASHVILLE,17.0,36.1380386,-86.79706279999999,2021-10-26 19:00:23,2021-11-11 08:22:03,37212,8d205187-df47-46d9-b8c7-8fe9e1b07171
19,811437,Closed,Resolved by hubNashville on First Call,Resolved by hubNashville on First Call,Resolved by hubNashville on First Call,Phone,,,False,,,,,,,2021-10-26 18:57:27,2021-10-26 18:57:27,,a4057af5-6d40-4a44-8b86-cc3ead0b5de3
20,811428,Closed,Resolved by hubNashville on First Call,Resolved by hubNashville on First Call,Resolved by hubNashville on First Call,Phone,,,False,,,,,,,2021-10-26 18:49:55,2021-10-26 18:49:55,,be334287-664e-443b-af64-032a03279573
21,811440,Closed,Resolved by hubNashville on First Call,Resolved by hubNashville on First Call,Resolved by hubNashville on First Call,Phone,,,False,,,,,,,2021-10-26 18:59:37,2021-10-26 18:59:37,,cac09923-fac2-4355-aaa9-cb0a75b279ba
22,811436,Closed,Resolved by hubNashville on First Call,Resolved by hubNashville on First Call,Resolved by hubNashville on First Call,Phone,,,False,,,,,,,2021-10-26 18:55:06,2021-10-26 18:55:06,,61732a9c-61e0-49b7-9040-5ff05c7d8ac9
23,707265,Closed,"Streets, Roads & Sidewalks",Illegal Dumping,Roadway,Phone,,,False,,River View Dr & River Rd,NASHVILLE,35.0,36.1339616,-86.9277518,2021-06-14 20:26:00,2021-06-16 20:16:00,37209,3a430027-4c62-430e-86a7-d921af2617b3
24,700734,Closed,"Streets, Roads & Sidewalks",Illegal Dumping,Roadway,hubNashville Community,,,False,,504 Oakley Dr,NASHVILLE,26.0,36.0599978,-86.758234,2021-06-05 18:03:00,2021-06-22 09:32:00,37220,d4f44dff-4bbc-46de-bece-6beaae379c66
25,708805,Closed,Resolved by hubNashville on First Call,Resolved by hubNashville on First Call,Resolved by hubNashville on First Call,Phone,,,False,,,,,,,2021-06-16 16:07:51,2021-06-16 16:07:51,,ebbdd1a9-45f4-411f-a3c0-5b4f8f12f77f
26,708553,Closed,Resolved by hubNashville on First Call,Resolved by hubNashville on First Call,Resolved by hubNashville on First Call,Phone,,,False,,,,,,,2021-06-16 13:25:24,2021-06-16 13:25:24,,9487c39a-5019-4fc6-9ca1-54dec8e9eb3e
27,709400,Closed,"Trash, Recycling & Litter",Missed Pickup - Trash Cart Service,Trash - Curbside/Alley Missed Pickup,,,,,,"2711 Sunset Pl, Nashville, TN 37212, USA",NASHVILLE,18.0,36.1291247,-86.81157979999999,2021-06-17 01:02:09,2021-06-21 20:26:36,37212,b352b70d-f835-4730-a75c-d296f229fb71
28,698503,Closed,Resolved by hubNashville on First Call,Resolved by hubNashville on First Call,Resolved by hubNashville on First Call,Phone,,,False,,,,,,,2021-06-03 13:03:34,2021-06-03 13:03:34,,afdbeb6e-639d-48aa-b4ca-9985c40dea39
29,703992,Closed,Property Violations,Tall Grass and Weeds,Tall Grass and Weeds,Phone,,,False,,"201 Chamberlin St, Nashville, TN 37209, United States",NASHVILLE,24.0,36.14531,-86.83037,2021-06-09 20:13:16,2021-09-16 07:11:10,37209,1c71b536-6786-40f1-9152-098d8f48626b
30,703558,Closed,Tree Trimming On or Near Power Lines,Tree Trimming,Tree Trimming,Phone,,,False,,1040 W Kirkland Ave,NASHVILLE,5.0,36.20903,-86.73529,2021-06-09 15:23:21,2021-06-09 19:45:21,37216,8ddb92ec-ff22-47b4-812e-945fe9ae6dc7
31,701976,Closed,"Trash, Recycling & Litter",Missed Pickup - Trash Cart Service,Trash - Curbside/Alley Missed Pickup,Phone,,,False,,"2218 Greenwood Ave, Nashville, TN 37206, United States",NASHVILLE,6.0,36.18776210000001,-86.7249698,2021-06-07 21:06:27,2021-06-08 20:21:56,37206,afb22afd-8bb7-43a0-a1c3-ee01bb128f9f
32,703711,Closed,Public Safety,Improperly Parked Vehicles,Improperly Parked Vehicles,Phone,,,False,,"6th Ave N, Nashville, TN , United States",NASHVILLE,19.0,36.17411,-86.78883,2021-06-09 16:47:14,2021-06-09 21:07:20,37208,805921c0-d00a-4690-8e23-d057df34d4f4
33,694289,Closed,"Trash, Recycling & Litter",Missed Pickup - Recycle Cart Service,Recycle - Curbside/Alley Missed Pickup,hubNashville Community,,,False,,4405 Granny White Pike,NASHVILLE,19.0,36.163,-86.782,2021-05-27 17:12:59,2021-06-03 20:18:35,37219,731689bb-17ba-4c04-8b50-b424a991c101
34,699398,Closed,Electric & Water General,Water Outage,Water Outage,Phone,,,False,,"804 40th Ave N, Nashville, TN 37209, United States",NASHVILLE,21.0,36.1585029,-86.8341372,2021-06-03 21:27:17,2021-06-04 19:07:11,37209,647f7476-8c35-4b31-98a3-1101680b6481
35,697450,Closed,Resolved by hubNashville on First Call,Resolved by hubNashville on First Call,Resolved by hubNashville on First Call,Phone,,,False,,,,,,,2021-06-02 15:37:11,2021-06-02 15:37:11,,1189da89-2a58-457b-8253-5d1be3e306dd
36,696376,Closed,Resolved by hubNashville on First Call,Resolved by hubNashville on First Call,Resolved by hubNashville on First Call,Phone,,,False,,,,,,,2021-06-01 16:04:53,2021-06-01 16:04:53,,407a7f48-9066-47b2-9c4b-50ff5128d698
37,701284,Closed,"Trash, Recycling & Litter",Missed Pickup - Trash Cart Service,Trash - Backdoor,Phone,,,False,,"4826 Post Rd, Nashville, TN 37205, United States",NASHVILLE,23.0,36.11711,-86.86183,2021-06-07 13:52:52,2021-06-08 20:22:30,37205,295d480b-5c1d-4814-bf3e-cec171151f85
38,706394,Closed,Property Violations,Junk and Debris,Junk and Debris,hubNashville Community,,,False,,", Nashville, TN 37217, United States",NASHVILLE,29.0,36.07236242210704,-86.63627629140166,2021-06-14 12:47:39,2021-06-15 15:00:12,37217,f61f8c3a-b87c-464e-9ddd-d31d76ff7a02
39,695645,Closed,Public Safety,Abandoned Vehicles,Abandoned Vehicles,hubNashville Community,,,False,,"2631 Pennington Ave,Nashville,TN 37216,United States",NASHVILLE,7.0,36.19787025545652,-86.73038612381572,2021-05-29 20:25:53,2021-06-12 07:19:12,37216,dd9fa8b6-308c-4311-830a-9c86b91f2f7b
40,700804,Closed,Public Safety,Improperly Parked Vehicles,Improperly Parked Vehicles,,,,,,"1100 Petway Ave, Nashville, TN 37206, United States",NASHVILLE,6.0,36.186285,-86.746726,2021-06-05 22:24:17,2021-06-05 22:43:24,37206,e3de0e81-7d64-4461-969a-54272f4ed86f
41,703940,Closed,Resolved by hubNashville on First Call,Resolved by hubNashville on First Call,Resolved by hubNashville on First Call,Phone,,,False,,,,,,,2021-06-09 19:32:04,2021-06-09 19:32:04,,2b622452-28ca-4532-a86a-52d14045ee7d
42,708115,Closed,"Trash, Recycling & Litter",File a Trash or Recycling Complaint,Trash collection Complaint,,,,,,"4103 Edwards Ave, Nashville, TN 37216, United States",NASHVILLE,5.0,36.2242546,-86.737453,2021-06-15 18:49:54,2021-06-23 20:13:13,37216,93493656-d3e8-4d11-a4e3-1889369face6
43,707766,Closed,Public Safety,Lost/Stolen Property,Lost/Stolen Property,Phone,,,False,,"3501 Andrew Jackson Way, Nashville, TN 37076, United States",HERMITAGE,12.0,36.1828219,-86.60776539999999,2021-06-15 15:23:44,2021-06-15 15:30:20,37076,96fed4d3-91d2-43bf-8e51-bae45524ae3d
44,693478,Closed,Resolved by hubNashville on First Call,Resolved by hubNashville on First Call,Resolved by hubNashville on First Call,Phone,,,False,,,,,,,2021-05-26 18:08:42,2021-05-26 18:08:42,,b87294f1-f6c3-4dd8-9417-7cc9b9b1ab51
45,703863,Closed,"Streets, Roads & Sidewalks",Graffiti,Sign,Mobile App,,,False,,"3427 Murphy Rd, Nashville, TN 37203, USA",NASHVILLE,24.0,36.13965093883256,-86.82155448943377,2021-06-09 18:29:37,2021-06-11 16:22:31,37203,43356f3f-e3c7-45e1-9f4f-d26dbaa9d5a3
46,646099,Closed,Resolved by hubNashville on First Call,Resolved by hubNashville on First Call,Resolved by hubNashville on First Call,Phone,,,False,,,,,,,2021-04-02 14:20:30,2021-04-02 14:20:30,,e0011122-e5ca-4283-a634-367f823d8f17
47,703684,Closed,"Trash, Recycling & Litter",Cart Service,Trash - Report a Damaged Cart,Phone,,,False,,"2907 Morningside Dr, Nashville, TN 37207, United States",NASHVILLE,5.0,36.2239372,-86.7577823,2021-06-09 16:27:53,2021-06-23 20:29:16,37207,40890a0e-6c39-430f-a168-7a95763f5e5f
48,708406,Closed,"Streets, Roads & Sidewalks",Request New Sign,Request New Sign,hubNashville Community,,,False,,"2371 Una Antioch Pike, Nashville, TN 37013, United States",ANTIOCH,28.0,36.07219072267692,-86.66434192209016,2021-06-16 00:10:20,2021-06-18 16:26:42,37013,142c9a0b-62aa-4525-82b0-3ebee5b91ac4
49,699346,Closed,Resolved by hubNashville on First Call,Resolved by hubNashville on First Call,Resolved by hubNashville on First Call,Phone,,,False,,,,,,,2021-06-03 20:58:01,2021-06-03 20:58:01,,fcf6167b-3c7b-4f47-9026-72e75060ba0f
50,702050,Closed,Public Safety,Improperly Parked Vehicles,Improperly Parked Vehicles,,,,,,"2957-2601 2 Rivers Ct, Nashville, TN 37214, United States",NASHVILLE,15.0,36.18901809390567,-86.68909599912378,2021-06-07 22:15:15,2021-06-08 01:01:56,37214,2468f72b-324b-48c5-914a-3543fc4fafc6
51,694417,Closed,Public Safety,Check the Well-Being of a Person,Check the Well-Being of a Person,Phone,,,False,,"331 Plus Park Blvd, Nashville, TN 37217, United States",NASHVILLE,16.0,36.13281,-86.72491,2021-05-27 18:45:08,2021-05-27 19:18:24,37217,159d6a7e-480b-44fe-8ce0-d3f45eae122e
52,699324,Closed,"Trash, Recycling & Litter",Missed Pickup - Trash Cart Service,Trash - Curbside/Alley Missed Pickup,Phone,,,False,,"4253 Hallmark Rd, Nashville, TN 37218, United States",NASHVILLE,1.0,36.219132,-86.85153439999999,2021-06-03 20:45:53,2021-06-05 09:33:59,37218,ff730b38-fa52-4afb-94c3-5cdb505b3456
53,700205,Closed,Resolved by hubNashville on First Call,Resolved by hubNashville on First Call,Resolved by hubNashville on First Call,Phone,,,False,,,,,,,2021-06-04 18:15:58,2021-06-04 18:15:58,,c697e541-7184-40b5-b368-e588bc785578
54,706789,Closed,Cars Parked On Lawn,Cars Parked on Lawn,Cars Parked on Lawn,hubNashville Community,,,False,,109 Grovedale Trace,ANTIOCH,8.0,36.0505257851296,-86.60636222722373,2021-06-14 15:44:24,2021-07-20 07:09:16,37013,03061a28-fa7c-4077-a3c1-c0a2399ecc56
55,696249,Closed,Property Violations,Junk and Debris,Junk and Debris,Mobile App,,,False,,"1042 2nd Ave S, Nashville, TN 37210, USA",NASHVILLE,17.0,36.14856,-86.7663063,2021-06-01 15:00:23,2021-06-03 07:18:07,37210,f026c793-da8a-461e-9862-f492c7eb4836
56,693438,Closed,Resolved by hubNashville on First Call,Resolved by hubNashville on First Call,Resolved by hubNashville on First Call,Phone,,,False,,,,,,,2021-05-26 17:42:06,2021-05-26 17:42:06,,da444ee5-45c9-4404-a370-b01dc1aacabc
58,696036,Closed,"Trash, Recycling & Litter",Cart Service,Recycling - Request an Additional Cart,Phone,,,False,,"1134 4th Ave S, Nashville, TN 37210, United States",NASHVILLE,17.0,36.1452859,-86.7665303,2021-06-01 13:20:34,2021-06-08 20:15:15,37210,c4828a64-6aa4-4d5b-9c5b-46a8c9b6f1ed
59,705527,Closed,Resolved by hubNashville on First Call,Resolved by hubNashville on First Call,Resolved by hubNashville on First Call,Phone,,,False,,,,,,,2021-06-11 16:37:09,2021-06-11 16:37:09,,fc126690-6c04-4cef-95ae-3f7bca97b5f4
60,698409,Closed,"Trash, Recycling & Litter",Missed Pickup - Recycle Cart Service,Recycle - Curbside/Alley Missed Pickup,,,,,,"1241 McAlpine Ave, Nashville, TN 37216, United States",NASHVILLE,7.0,36.2177791,-86.718943,2021-06-03 11:55:30,2021-06-08 20:16:49,37216,a3bc4f8e-c987-4a83-9822-92ab38704b41
61,705211,Closed,Resolved by hubNashville on First Call,Resolved by hubNashville on First Call,Resolved by hubNashville on First Call,Phone,,,False,,,,,,,2021-06-11 13:12:11,2021-06-11 13:12:11,,f48f2973-4813-4384-9946-49b7def3f651
62,707844,Closed,"Streets, Roads & Sidewalks",Remove debris in roadway,Roadway,Phone,,,False,,"3005 W Towne Village Ct, Nashville, TN 37013, United States",ANTIOCH,29.0,36.07393,-86.60967,2021-06-15 16:10:12,2021-06-22 16:14:12,37013,c3813e9f-08b3-493f-86cb-2e242ffc87f6
63,700723,Closed,"Trash, Recycling & Litter",Missing Trash Cart,,,,,,,"2520 Nashboro Blvd, Nashville, TN 37217, United States",NASHVILLE,13.0,36.09299,-86.63362,2021-06-05 17:44:45,2021-06-08 16:25:05,37217,5a20b5da-a183-41af-99eb-70bd52e167e8
64,707931,Closed,Resolved by hubNashville on First Call,Resolved by hubNashville on First Call,Resolved by hubNashville on First Call,Phone,,,False,,,,,,,2021-06-15 16:56:10,2021-06-15 16:56:10,,8d967649-b802-44ba-a38e-696b341a34eb
65,705198,Closed,"Trash, Recycling & Litter",Missed Pickup - Trash Cart Service,Trash - Backdoor,Phone,,,False,,"3622 Floral Dr, Nashville, TN 37211, United States",NASHVILLE,16.0,36.0960617,-86.7339755,2021-06-11 13:04:00,2021-06-14 20:24:44,37211,03c28d41-b4ca-464b-968a-3a2d7e796efc
66,706972,Closed,Resolved by hubNashville on First Call,Resolved by hubNashville on First Call,Resolved by hubNashville on First Call,Phone,,,False,,,,,,,2021-06-14 17:24:40,2021-06-14 17:24:40,,f805d462-2069-4175-9522-3647ad6bb204
67,700377,Closed,Resolved by hubNashville on First Call,Resolved by hubNashville on First Call,Resolved by hubNashville on First Call,Phone,,,False,,,,,,,2021-06-04 20:16:54,2021-06-04 20:16:54,,e2e8790c-c0db-4ea9-8925-a49e68cf85e5
68,694092,Closed,"Trash, Recycling & Litter",Missed Pickup - Trash Cart Service,Trash - Curbside/Alley Missed Pickup,Phone,,,False,,"4606 Indiana Ave, Nashville, TN 37209, United States",NASHVILLE,20.0,36.1569629,-86.84315149999999,2021-05-27 14:53:52,2021-05-28 20:20:37,37209,c61eec51-80af-4fd4-957d-266a8f242f20
69,699928,Closed,"Streets, Roads & Sidewalks",Potholes,Roadway,hubNashville Community,,,False,,117 17th Ave S,NASHVILLE,19.0,36.1524044,-86.7936566,2021-06-04 15:11:00,2021-06-07 20:24:00,37203,1aed8695-e1f7-4eb1-94ac-223f08bbef52
70,708637,Closed,"Trash, Recycling & Litter",Missed Pickup - Trash Cart Service,Trash - Backdoor,Phone,,,False,,"3056 Hillside Rd, Nashville, TN 37207, United States",NASHVILLE,5.0,36.22886190000001,-86.7566994,2021-06-16 14:26:59,2021-06-21 20:17:26,37207,8fe1c514-4f5f-4f34-9b2f-204387045a9d
71,701980,Closed,Resolved by hubNashville on First Call,Resolved by hubNashville on First Call,Resolved by hubNashville on First Call,Phone,,,False,,"2704 Priest Lake Dr, Nashville, TN 37217, United States",NASHVILLE,29.0,36.0810242,-86.62919459999999,2021-06-07 21:09:59,2021-06-07 21:09:59,37217,69fc83b6-5956-4eeb-9716-478063157de1
72,693787,Closed,Public Safety,Control Number Request for Towing,Control Number Request for Towing,hubNashville Community,,,False,,"3541 Glenfalls Dr, Nashville, TN 37076, United States",HERMITAGE,12.0,36.18515851161632,-86.58600119325409,2021-05-26 23:19:52,2021-05-26 23:19:52,37076,e0d92107-9fd9-41b9-bede-5cfa2f84d910
73,700409,Closed,"Trash, Recycling & Litter",Missed Pickup - Recycle Cart Service,Recycle - Curbside/Alley Missed Pickup,Phone,,,False,,"704 Desmond Dr, Nashville, TN 37211, United States",NASHVILLE,26.0,36.0839732,-86.75359929999999,2021-06-04 20:33:41,2021-06-24 16:28:41,37211,4e579e23-4850-42c0-a990-72b828620696
74,704830,Closed,"Trash, Recycling & Litter",Cart Service,Trash - Report a Stolen Cart,Phone,,,False,,"1511 10th Ave N, Nashville, TN 37208, United States",NASHVILLE,19.0,36.176452,-86.798292,2021-06-10 19:08:02,2021-12-29 17:11:53,37208,b6cb255e-33af-462f-b45b-eea5bf6cdadd
75,701582,Closed,Resolved by hubNashville on First Call,Resolved by hubNashville on First Call,Resolved by hubNashville on First Call,Phone,,,False,,,,,,,2021-06-07 16:58:40,2021-06-07 16:58:40,,c70f2ce9-c391-4120-b469-41fb4ae013af
76,696279,Closed,Resolved by hubNashville on First Call,Resolved by hubNashville on First Call,Resolved by hubNashville on First Call,Phone,,,False,,,,,,,2021-06-01 15:13:32,2021-06-01 15:13:32,,f0301a7c-13a6-4cd3-909d-c6c05eef571b
77,704945,Closed,"Trash, Recycling & Litter",Brush Collection,Brush Collection,Phone,,,False,,"4220 Valley Grove Dr, Nashville, TN 37076, United States",HERMITAGE,12.0,36.1731716,-86.59110849999999,2021-06-10 20:37:03,2021-06-10 20:39:49,37076,bcf9d473-affd-47e1-b318-b178ef9ad41a
78,705437,Closed,Resolved by hubNashville on First Call,Resolved by hubNashville on First Call,Resolved by hubNashville on First Call,Phone,,,False,,,,,,,2021-06-11 15:28:46,2021-06-11 15:28:46,,9f8bde15-016b-4277-80ab-b7328c885bef
79,707549,Closed,Public Safety,Lost/Stolen Property,Lost/Stolen Property,Phone,,,False,,"Charlotte Pike, Nashville, TN , United States",NASHVILLE,35.0,36.11487,-86.92589,2021-06-15 13:20:10,2021-06-15 16:58:28,37209,5a8ac7da-b6b4-4b3a-a6b9-af2fc22bbcb0
80,703955,Closed,"Trash, Recycling & Litter",Cart Service,Trash - Request an Additional Cart,,,,,,"292 McGavock Pk, Nashville, TN 37214, United States",NASHVILLE,15.0,36.1578909,-86.68176439999999,2021-06-09 19:42:06,2021-06-17 20:32:11,37214,4f4b97bb-fd92-4c42-9b79-5d8aa57a5747
81,697848,Closed,Resolved by hubNashville on First Call,Resolved by hubNashville on First Call,Resolved by hubNashville on First Call,Phone,,,False,,"3187 Lagrange Dr, Nashville, TN 37218, United States",NASHVILLE,1.0,36.1791239,-86.838172,2021-06-02 18:46:44,2021-06-02 18:46:44,37218,560b3317-f803-4fdf-9b78-d0007edb7def
82,708100,Closed,Property Violations,Tall Grass and Weeds,Tall Grass and Weeds,Phone,,,False,,"4933 Millerwood Dr, Nashville, TN 37211, United States",NASHVILLE,27.0,36.06414,-86.72166,2021-06-15 18:38:46,2021-07-07 07:10:27,37211,3ff4ecad-4be9-42ac-a18d-ce9ef0e45c1b
83,694383,Closed,Resolved by hubNashville on First Call,Resolved by hubNashville on First Call,Resolved by hubNashville on First Call,Phone,,,False,,,,,,,2021-05-27 18:20:26,2021-05-27 18:20:26,,49cba1b6-b99c-40aa-be5f-978ffed8d963
84,695979,Closed,"Streets, Roads & Sidewalks",Paving Request,Alley Paving or DBST,,,,,,"1010 18th Ave S, Nashville, TN 37212, United States",NASHVILLE,17.0,36.14619160000001,-86.79494249999999,2021-06-01 12:42:39,2021-06-03 16:18:38,37212,50f1730d-3512-4270-b258-fe2dab714675
85,707712,Closed,Resolved by hubNashville on First Call,Resolved by hubNashville on First Call,Resolved by hubNashville on First Call,Phone,,,False,,,,,,,2021-06-15 14:48:13,2021-06-15 14:48:13,,1e430a8d-2077-4133-bfb2-272f5440616e
86,707334,Closed,"Trash, Recycling & Litter",Missed Pickup - Trash Cart Service,Trash - Curbside/Alley Missed Pickup,Phone,,,False,,"1440 Litton Ave, Nashville, TN 37216, United States",NASHVILLE,7.0,36.2007018,-86.7279434,2021-06-14 21:23:16,2021-06-15 16:20:13,37216,00cbbde4-379b-433d-8958-76b3eaa6fa31
87,702521,Closed,"Trash, Recycling & Litter",Missed Pickup - Trash Cart Service,Trash - Curbside/Alley Missed Pickup,Phone,,,False,,"5045 Mountain Springs Rd, Nashville, TN 37013, United States",ANTIOCH,32.0,36.0445494,-86.61218579999999,2021-06-08 15:55:55,2021-06-09 20:24:36,37013,a902375f-2d2f-44dd-9251-cb0d52ebe996
88,703906,Closed,Public Safety,Control Number Request for Towing,Control Number Request for Towing,Mobile App,,,False,,"2201 Jackson Downs Blvd, Nashville, TN 37214, USA",NASHVILLE,14.0,36.18172257608828,-86.6414282284677,2021-06-09 19:05:49,2021-06-09 19:05:49,37214,34b8eb7b-3cfc-45fc-8b24-9688acef3563
89,695925,Closed,"Trash, Recycling & Litter",Missed Pickup - Trash Cart Service,Trash - Curbside/Alley Missed Pickup,,,,,,"413 Ashby Pl, Nashville, TN 37013, United States",ANTIOCH,8.0,36.0708759,-86.5810582,2021-05-31 21:49:16,2021-06-05 09:26:48,37013,66bfe6ef-b36f-4658-8eec-28aab9070e1b
90,700128,Closed,Resolved by hubNashville on First Call,Resolved by hubNashville on First Call,Resolved by hubNashville on First Call,Phone,,,False,,,,,,,2021-06-04 17:27:51,2021-06-04 17:27:51,,af055740-40c4-4aff-8626-6f108da795df
91,932937,Closed,Public Safety,Control Number Request for Towing,Control Number Request for Towing,hubNashville Community,,,False,,"2901 John A Merritt Blvd, Nashville, TN 37209, United States",NASHVILLE,21.0,36.1669545,-86.8220735,2022-04-01 21:02:37,2022-04-01 21:02:37,37209,57ce0963-b784-41d5-8dbb-23858968988a
92,705453,Closed,Pothole,Potholes,Roadway,Phone,,,False,,Thompson Ln & Old Powell Ave,NASHVILLE,26.0,36.11235509999999,-86.7679775,2021-06-11 15:40:25,2021-06-14 16:19:04,37204,85a5e79b-6c89-48ea-84cb-fe79c33588b4
93,708020,Closed,Resolved by hubNashville on First Call,Resolved by hubNashville on First Call,Resolved by hubNashville on First Call,Phone,,,False,,,,,,,2021-06-15 17:54:12,2021-06-15 17:54:12,,6d46eb5e-2db4-42e2-bc48-ccc4fcd3d88e
94,694489,New,Public Safety,Blasting Reports,Blasting Reports,hubNashville Community,,,False,,"1390 Bain Dr, Nashville, TN 37115, United States",MADISON,9.0,36.28344,-86.70033,2021-05-27 19:25:44,,37115,5adb175d-e075-4524-8992-26338b086867
95,701923,Closed,Resolved by hubNashville on First Call,Resolved by hubNashville on First Call,Resolved by hubNashville on First Call,Phone,,,False,,,,,,,2021-06-07 20:27:50,2021-06-07 20:27:50,,ab849b8c-efda-425f-b9b4-fc46e613d205
96,698680,Closed,Resolved by hubNashville on First Call,Resolved by hubNashville on First Call,Resolved by hubNashville on First Call,Phone,,,False,,"4813 Timberhill Dr, Nashville, TN 37211, United States",NASHVILLE,26.0,36.076878,-86.7555828,2021-06-03 14:33:22,2021-06-03 14:33:22,37211,9481f43b-eba0-4840-b3e1-d51616279a39
97,693622,Closed,"Trash, Recycling & Litter",Cart Service,Recycling - Request an Additional Cart,hubNashville Community,,,False,,"605 Cottonwood Dr, Nashville, TN 37214, United States",NASHVILLE,15.0,36.15853766272139,-86.6547190821178,2021-05-26 19:51:12,2021-06-17 20:27:12,37214,a09e957f-1f07-45f8-adea-3f9c03560c8b
98,704013,Closed,Resolved by hubNashville on First Call,Resolved by hubNashville on First Call,Resolved by hubNashville on First Call,Phone,,,False,,,,,,,2021-06-09 20:32:25,2021-06-09 20:32:25,,3a68098f-07f6-4720-8e3f-08faa8a489d8
99,702976,Closed,Public Safety,Control Number Request for Towing,Control Number Request for Towing,hubNashville Community,,,False,,"W Trinity Ln & Buena Vista Pike, Nashville, TN 37218, USA",NASHVILLE,2.0,36.2024733,-86.8205105,2021-06-08 20:10:24,2021-06-08 20:10:24,37218,5a367c95-c38f-4d33-b6e9-59ccfdceef66
100,708819,Closed,Public Safety,Request Non-Emergency Police Assistance,,Phone,,,False,,"171 3rd Ave N, Nashville, TN 37201, United States",NASHVILLE,19.0,36.16336,-86.77728,2021-06-16 16:15:07,2021-06-16 18:01:45,37201,8bf4760b-9221-4f6f-8502-708ca80862d1
101,695334,Closed,Resolved by hubNashville on First Call,Resolved by hubNashville on First Call,Resolved by hubNashville on First Call,Phone,,,False,,"73 Fairfield Ave, Nashville, TN 37210, United States",NASHVILLE,17.0,36.1507556,-86.7567602,2021-05-28 20:07:45,2021-05-28 20:07:45,37210,c1fcdfd2-655d-48b1-9634-b38eb1c8a325
