Route_ID,Route_Number,Route_Name,Route_Type
14,14,WHITES CREEK,3
17,17,12TH AVENUE SOUTH,3
18,18,AIRPORT,3
19,19,HERMAN,3
22,22,BORDEAUX,3
23,23,DICKERSON PIKE,3
28,28,MERIDIAN,3
29,29,JEFFERSON,3
3,3,WEST END,3
34,34,OPRY MILLS,3
4,4,SHELBY,3
41,41,GOLDEN VALLEY,3
42,42,ST. CECILIA - CUMBERLAND,3
50,50,CHARLOTTE PIKE,3
52,52,NOLENSVILLE PIKE,3
55,55,MURFREESBORO PIKE,3
56,56,GALLATIN PIKE,3
6,6,LEBANON PIKE,3
64,64,STAR DOWNTOWN SHUTTLE,3
7,7,HILLSBORO,3
70,70,BELLEVUE,3
71,71,TRINITY,3
75,75,MIDTOWN,3
76,76,MADISON,3
77,77,THOMPSON - WEDGEWOOD,3
79,79,SKYLINE,3
8,8,8TH AVENUE SOUTH,3
84,84,MURFREESBORO,3
86,86,SMYRNA - LA VERGNE,3
87,87,GALLATIN - HENDERSONVILLE,3
88,88,DICKSON,3
89,89,SPRINGFIELD,3
9,9,METROCENTER,3
90,90,WEGO STAR,2
93,93,STAR WEST END SHUTTLE,3
94,94,CLARKSVILLE,3
95,95,SPRING HILL - FRANKLIN,3
