Stop_ID,Stop_Name,Latitude,Longitude
10AHERNN,10TH AVE N & HERMAN ST NB,36.168831,-86.792339
12AARCSF,12TH AVE S & ARCHER ST SB,36.145068,-86.78644
12AARCNN,12TH AVE S & ARCHER ST,36.145223,-86.786227
12AACLSN,12TH AVE S & ACKLEN AVE SB,36.134037,-86.788948
12ADEMNN,12TH AVE S & DEMONBREUN ST NB,36.154509,-86.786056
12ADIVNN,12TH AVE S & DIVISION ST NB,36.150807,-86.784265
12AEDGSF,12TH AVE S & EDGEHILL AVE SB,36.14247,-86.787177
12AEDGNF,12TH AVE S & EDGEHILL AVE NB,36.142991,-86.78689
GRAFERSN,GRANNY WHITE PIKE & FERGUSON AVE SB,36.118934,-86.791122
GRAFERNN,GRANNY WHITE PIKE & FERGUSON AVE NB,36.118756,-86.791055
12AHORSF,12TH AVE S & HORTON AVE SB,36.139604,-86.787684
12AHORNF,12TH AVE S & HORTON AVE NB,36.140116,-86.787477
12ADOUNF,12TH AVE S & DOUGLAS AVE NB,36.131033,-86.788677
12ALINNN,12TH AVE S & LINDEN AVE NB,36.127614,-86.789082
12ASWENF,12TH AVE S & SWEETBRIAR AVE NB,36.123872,-86.789755
12ASOUSN,12TH AVE S & SOUTH ST SB,36.147573,-86.785751
12ASOUNN,12TH AVE S & SOUTH ST NB,36.147186,-86.785703
12AWEDNF,12TH AVE S & WEDGEWOOD AVE NB,36.1365,-86.78846
12AWEDSF,12TH AVE S & WEDGEWOOD SB,36.13586,-86.7889
12AWESNN,12TH AVE S & WEST GROVE AVE NB,36.134306,-86.788828
16SEASNN,N 16TH ST & EASTLAND AVE NB,36.182851,-86.740997
19SLILNN,S 19TH ST & LILLIAN ST NB,36.171492,-86.737189
19SSHESN,S 19TH ST & SHELBY AVE EB,36.170153,-86.737493
1SJAMNM,N 1ST ST & JAMES ROBERTSON PKWY NB,36.172643,-86.773761
1SWOONM,S 1ST ST & WOODLAND ST NB,36.169739,-86.772489
20ACHUNN,20TH AVE N & CHURCH ST NB,36.153222,-86.800614
20ASTANF,20TH AVE N & STATE ST,36.154615,-86.801666
20AWESNN,20TH AVE S & WEST END AVE NB,36.151061,-86.799021
21AACKSF,21ST AVE S & ACKLEN AVE SB,36.135345,-86.801115
21ACHINN,21ST AVE S & CHILDRENS WAY NB,36.138372,-86.800622
21ABLANN,21ST AVE S & BLAIR BLVD NB,36.130158,-86.80197
21ACAPSN,21ST AVE S & CAPERS AVE SB,36.138881,-86.800622
21AEDGNF,21ST AVE S & EDGEHILL AVE NB,36.144373,-86.799749
21AFAINN,21ST AVE S & FAIRFAX AVE NB,36.134135,-86.801021
21AMEDNN,21ST AVE S & MEDICAL CENTER DR NB,36.142676,-86.79995
21AMEDSF,21ST AVE S & MEDICAL CENTER DR SB,36.142489,-86.800118
21AGRANN,21ST AVE S & GRAND AVE NB,36.147335,-86.79928
HER24AEN,HERMAN ST & 24TH AVE N EB,36.162113,-86.812001
21APIENM,21ST AVE S & PIERCE AVE NB,36.140259,-86.800294
21APIESN,21ST AVE S & PIERCE AVE SB,36.13998,-86.800488
21AWOOSN,21ST AVE S & WOODLAWN DR SB,36.125424,-86.805563
23ACLANN,23RD AVE N & CLARKSVILLE PIKE NB,36.18348,-86.81422
23ASEINF,23RD AVE N & SEIFRIED ST NB,36.182274,-86.814331
23ASEISN,23RD AVE N & SEIFRIED ST SB,36.182177,-86.814445
25ADELNN,25TH AVE N & DELK AVE NB,36.178282,-86.816675
25AFINNN,25TH AVE N & FINLAND ST NB,36.17705,-86.816405
26ASALNN,26TH AVE N & SALEM MASON DR NB,36.182083,-86.819291
2ASTOSM,2ND AVE N & STOCKYARD ST SB,36.17165,-86.781297
MXIFULTN,FULTON STATION INBOUND,36.153527,-86.769698
NXICHSNT,CHESTNUT STATION INBOUND,36.145712,-86.764608
NXIHART,HART STATION INBOUND,36.142163,-86.762307
2AVJUNSF,2ND AVE N & JUNIOR GILLIAM WAY SB,36.17411,-86.782895
NXIPBODY,PEABODY STATION INBOUND,36.156016,-86.771294
33AALASN,33RD AVE N & ALAMEDA ST SB,36.164867,-86.826485
33AJOHSN,33RD AVE N & JOHN A MERRITT BLVD SB,36.166371,-86.826852
33AJOHNM,33RD AVE N & JOHN A MERRITT BLVD NB,36.166513,-86.82674
3AGARNN,3RD AVE N & GARFIELD ST NB,36.183178,-86.789874
3AMONSN,3RD AVE N & MONROE ST SB,36.177876,-86.786595
3AVANSF,3RD AVE N & VAN BUREN ST SB,36.179751,-86.787941
40ACLISN,40TH AVE N & CLIFTON AVE SB,36.158381,-86.834411
40APRESF,40TH AVE N & PRESTON TAYLOR PL SB,36.159882,-86.835354
NXOPBODY,PEABODY STATION OUTBOUND,36.156172,-86.774124
NXOCHSNT,CHESTNUT STATION OUTBOUND,36.144681,-86.766576
4AVCHUSN,4TH AVE N & CHURCH ST SB,36.163796,-86.779079
5AVCHUNN,5TH AVE N & CHURCH ST NB,36.163054,-86.780078
5ACOMNN,5TH AVE N & COMMERCE ST NB,36.161732,-86.779169
5SFATSN,S 5TH ST & FATHERLAND ST SB,36.169934,-86.763728
JAM6AWN,JAMES ROBERTSON PKWY & 6TH AVE N WB,36.168654,-86.785174
5SRUSSN,S 5TH ST & RUSSELL ST SB,36.170924,-86.764321
5SRUSNN,S 5TH ST & RUSSELL ST NB,36.170808,-86.763991
SHE5SEM,SHELBY AVE & S 5TH ST EB,36.167743,-86.761642
SHE5SWN,SHELBY AVE & S 5TH ST WB,36.167788,-86.761976
6AVCHUSN,6TH AVE N & CHURCH ST SB,36.16277,-86.781552
8AALLSN,8TH AVE S & ALLOWAY ST SB,36.137599,-86.778773
8AARCNN,8TH AVE S & ARCHER ST NB,36.144897,-86.778803
8AARCSN,8TH AVE S & ARCHER ST SB,36.145403,-86.779128
8AARGNN,8TH AVE S & E ARGYLE AVE NB,36.135939,-86.778772
8ABASNN,8TH AVE S & BASS ST NB,36.147269,-86.778953
8AVDOUNF,8TH AVE S & DOUGLAS AVE NB,36.132334,-86.779053
8ABRASN,8TH AVE S & BRADFORD AVE SB,36.128913,-86.778188
8ABRONM,8TH AVE S & BROADWAY AVE NB,36.159688,-86.782557
8ABROSN,8TH AVE S & BROADWAY AVE SB,36.159047,-86.782292
8ADRESF,8TH AVE S & DREXEL ST SB,36.152355,-86.779389
8ADEMNN,8TH AVE S & DEMONBREUN ST NB,36.156777,-86.78067
8ADIVSN,8TH AVE S & DIVISION ST SB,36.150067,-86.779301
8ACENSN,8TH AVE S & CENTRAL ST SB,36.142204,-86.778845
8AHAMSN,8TH AVE S & HAMILTON AVE SB,36.139339,-86.778422
ROSFARSN,ROSA PARKS AT FARMERS MARKET SB,36.170361,-86.789663
8AJEFSN,8TH AVE N & JEFFERSON ST SB,36.17343,-86.791617
8AJEFSM,8TH AVE N & JEFFERSON ST SB,36.172108,-86.790757
ROSFARNN,ROSA PARKS AT FARMERS MARKET NB,36.170193,-86.789312
8AJEFNF,8TH AVE N & JEFFERSON ST NB,36.173643,-86.791458
8AVHAMNN,8TH AVE S & HAMILTON AVE NB,36.139136,-86.778286
8ADEMSN,8TH AVE S & DEMONBREUN ST SB,36.156975,-86.780929
8AMADNN,ROSA PARKS BLVD & MONROE ST NB,36.175165,-86.792454
8AMONSN,8TH AVE N & MONROE ST SB,36.175428,-86.792952
8AOLYNN,8TH AVE S & OLYMPIC ST NB,36.143383,-86.778744
8AOLYSN,8TH AVE S & OLYMPIC ST SB,36.143945,-86.778978
8APRENN,8TH AVE S & PRENTICE AVE NB,36.130444,-86.778409
8AROYSN,8TH AVE S & ROYCROFT PL SB,36.133717,-86.77923
8ASOUSN,8TH AVE S & SOUTH ST SB,36.147059,-86.779215
8AVERSN,8TH AVE S & VERNON SB,36.140829,-86.778706
8AWEDNF,8TH AVE S & WEDGEWOOD AVE NB,36.134544,-86.778981
8AARGSM,8TH AVE S & ARGYLE AV SB,36.13524,-86.779147
9ACOMSN,9TH AVE N & COMMERCE ST SB,36.159941,-86.783744
ABBHILEM,ABBOTT MARTIN RD & HILLSBORO CIRCLE E,36.106285,-86.818123
21AHERNN,21ST AVE N & HERMOSA ST NB,36.163551,-86.808379
ALB21AWN,ALBION ST & 21ST AVE N WB,36.165924,-86.808661
ALB21AEF,ALBION ST & 21ST AVE N EB,36.165766,-86.80866
ALBDBTEM,ALBION ST & DR DB TODD BLVD EB,36.166079,-86.806394
ANDALBNN,ANDREW JACKSON PKWY & ALBANY DR NB,36.210434,-86.600197
MAYANDSF,MAY DR & ANDERSON RD SB,36.272298,-86.694735
ANDTRENN,ANDREW JACKSON PKWY & TRENTON DR NB,36.213487,-86.597721
ANNCHAWM,ANNEX AVE & CHARLOTTE PIKE WB,36.140894,-86.882835
ATHDOMSM,ATHENS WAY & DOMINICAN DR SB,36.188265,-86.800339
ATHFRESF,ATHENS WAY & FRENCH LANDING DR SB,36.195772,-86.799921
ATHMETSM,ATHENS WAY & METROCENTER SB,36.194119,-86.801301
BAPLOCSM,BAPTIST WORLD CENTER DR & LOCK DR SB,36.199003,-86.784718
BAPMEANM,BAPTIST WORLD CENTER DR & MEADE AVE NB,36.203677,-86.789335
BAPHAYSF,BAPTIST WORLD CENTER DR & HAYNES MEADE CR SB,36.202074,-86.788515
BAPSEMNF,BAPTIST WORLD CENTER DR & SEMINARY ST NB,36.200787,-86.78693
BAPLOCNM,BAPTIST WORLD CENTER DR & LOCK RD NB,36.199178,-86.78474
BAPWEANN,BAPTIST WORLD CENTER DR & WEAKLEY AVE NB,36.196511,-86.782523
BAPUNNSM,BAPTIST WORLD CENTER DR & UNNAMED ST SB,36.195314,-86.780671
BAPWILEN,BAPTIST WORLD CENTER DR & WILLIS ST EB,36.193904,-86.778438
BAPTRINN,BAPTIST WORLD CENTER DR & TRINITY LANE NB,36.206851,-86.791361
BAUSHEWN,BAUGH RD & SHEFFIELD SQ WB,36.069199,-86.936292
HICHICNN,HICKORY HOLLOW PL & HICKORY HOLLOW,36.052658,-86.654986
BELHHINN,BELL RD & HICKORY HIGHLANDS DR NB,36.059458,-86.641035
BELHHIWF,BELL RD & HICKORY HIGHLANDS DR WB,36.059938,-86.640929
BELMORSN,BELL RD & MORRIS GENTRY BLVD SB,36.066713,-86.636764
BELMORNN,BELL RD & MORRIS GENTRY BLVD NB,36.066365,-86.636629
BELBELSF,BELL RD & BELL CREST DR SB,36.0625,-86.637948
BOYBUENN,BOYD DR & BUENAVIEW BLVD NB,36.227897,-86.827407
BOYFARNN,BOYD DR & FARMVIEW DR NB,36.225139,-86.826484
BRABENSF,BRANSFORD AVE & BENTON AVE SB,36.131479,-86.768385
BRACRANF,BRANSFORD AVE & CRAIGHEAD ST NB,36.12615,-86.765965
BRABENNN,BRANSFORD AVE & BENTON AVE NB,36.131533,-86.768317
BRAROSSF,BRANSFORD AVE  & ROSEDALE AVE SB,36.124353,-86.765931
BRAROSNN,BRANSFORD AVE & ROSEDALE AVE NB,36.124624,-86.765827
BRIBRIEM,BRICKMONT DR & BRICKMONT CT EB,36.246339,-86.771284
BRICHENN,BRICK CHURCH PIKE & CHESAPEAKE DR NB,36.245951,-86.779374
BRICHEEM,BRICKMONT CT & CHESAPEAKE DR EB,36.246237,-86.769869
BRICHEEN,BRICKMONT DR & CHESAPEAKE DR EB,36.245437,-86.769046
BRIMASNN,BRICK CHURCH PIKE & MASONWOOD DR NB,36.242007,-86.780511
BRO9AWF,BROADWAY AVE & 9TH AVE S WB,36.158394,-86.783577
BRO12WN,BROADWAY AVE & 12TH AVE N WB,36.156751,-86.787397
BRO17AWN,BROADWAY AVE & 17TH AVE S WB,36.153391,-86.793952
BRO17AEN,BROADWAY AVE & 17TH AVE S EB,36.152984,-86.794235
BRO19AWN,BROADWAY AVE & 19TH AVE S WB,36.151258,-86.796363
BRO19AEN,BROADWAY AVE & 19TH AVE S EB,36.150919,-86.796509
BUC11AEN,BUCHANAN ST & 11TH AVE N EB,36.180257,-86.804974
BUC14AEN,BUCHANAN ST & 14TH AVE N EB,36.180115,-86.807214
BUC15AWN,BUCHANAN ST & 15TH AVE N WB,36.180106,-86.808642
BUC23AWN,BUCHANAN ST & 23RD AVE N WB,36.180247,-86.814398
BUC9AEN,BUCHANAN ST & 9TH AVE N EB,36.180437,-86.802526
BUCDBTEN,BUCHANAN ST & DR DB TODD JR BLVD EB,36.180042,-86.811208
BUEBUEEM,BUENAVIEW BLVD & BUENA VISTA PIKE E,36.228219,-86.823837
BUEHUMSN,BUENA VISTA PIKE & HUMMINGBIRD DR S,36.219326,-86.821003
BUEKINSN,BUENA VISTA PIKE & KINGS LN SB,36.221075,-86.821432
BUEBUESM,BUENA VISTA PIKE & KINGS LN SB,36.225337,-86.8226
BUEKIRNF,BUENA VISTA PK & KIRK AVE NB,36.199636,-86.825523
BUEWHASN,BUENA VISTA PIKE & W HAMILTON AVE,36.218154,-86.820468
CXONGULC,11TH AVE / N GULCH STATION OUTBOUND,36.162361,-86.790306
CXOCENTE,23RD AVE / CENTENNIAL STATION OUTBOUND,36.155889,-86.809639
CHA26AWN,CHARLOTTE AVE & 26TH AVE N WB,36.154803,-86.814662
CHA26AEF,CHARLOTTE AVE & 26TH AVE F EB,36.154528,-86.815056
CXO2831,28TH/31ST AVE CONNECTOR STATION OUTBOUND,36.154111,-86.817944
CXI2831,28TH/31ST AVE CONNECTOR STATION INBOUND,36.153806,-86.818389
CHA33AEN,CHARLOTTE AVE & 33RD AVE N,36.152788,-86.823741
CXOSYLHE,37TH AVE/SYLVAN HEIGHTS STATION OUTBOUND,36.152833,-86.828111
CXISYLHE,37TH AVE/SYLVAN HEIGHTS STATION INBOUND,36.152667,-86.827639
CHA39AWN,CHARLOTTE AVE & 39TH AVE N WB,36.152592,-86.833179
CHA39AEF,CHARLOTTE AVE & 39TH AVE N EB,36.152461,-86.832264
CXOSYLPA,42ND AVE/SYLVAN PARK STATION OUTBOUND,36.152472,-86.836889
CXISYLPA,42ND AVE/SYLVAN PARK STATION INBOUND,36.152293,-86.837289
CXIRICHL,46TH AVE/RICHLAND PARK STATION INBOUND,36.152111,-86.842694
CHA51AEN,CHARLOTTE AVE & 51ST AVE N EB,36.151892,-86.848786
CXI53AVE,53RD AVE STATION INBOUND,36.151829,-86.850579
MLK7AVEN,DR MARTIN LUTHER KING JR BLVD & 7TH AVE N EB,36.164694,-86.784444
MLK7AVWN,DR MARTIN LUTHER KING JR BLVD & 7TH AVE N WB,36.164722,-86.78475
CXOAMERI,AMERICAN STATION OUTBOUND,36.145052,-86.872141
CXIAMERI,AMERICAN STATION INBOUND,36.144947,-86.871962
CXOANNEX,ANNEX STATION OUTBOUND,36.138948,-86.880902
CHAEASWN,CHARLOTTE AVE & EASTBORO DR WB,36.148265,-86.867331
CHABALEF,CHARLOTTE AVE & BALMY AVE EB,36.148269,-86.866926
CXODVDSN,DAVIDSON STATION OUTBOUND,36.129661,-86.903165
CXIDVDSN,DAVIDSON STATION INBOUND,36.12936,-86.903625
CHALELWM,CHARLOTTE PIKE & LELLYETT ST WB,36.149098,-86.863361
CXOWTBRG,WHITE BRIDGE STATION OUTBOUND,36.149972,-86.858972
CXIWTBRG,WHITE BRIDGE STATION INBOUND,36.149997,-86.858261
CHE2AWF,CHESTNUT ST & 2ND AVE S WB,36.145741,-86.764971
CHE4AVWF,CHESTNUT ST & 4TH AVE S WB,36.144899,-86.766931
CHEAPANN,CHEYENNE BLVD & APACHE LN,36.244212,-86.670689
CHECCRNN,CHEYENNE BLVD & CHEYENNE CR,36.252211,-86.671039
CHECCTNN,CHEYENNE BLVD & CHEYENNE CT,36.246647,-86.669281
CHEFORWN,CHESTNUT ST & FORT NEGLEY BLVD WB,36.142249,-86.775425
CHEMAREN,CHESTNUT ST & MARTIN ST EB,36.143403,-86.769849
CHERAISN,CHESAPEAKE DR & RAINWOOD DR SB,36.24323,-86.767688
CHEWOOSN,CHESAPEAKE DR & WOOD TRL SB,36.244805,-86.767814
CLA24ANN,CLARKSVILLE PIKE & 24TH AVE N NB,36.184747,-86.815544
CLASHASF,CLARKSVILLE PIKE & S HAMILTON RD SB,36.19298,-86.830402
CLACLISN,CLARKSVILLE PIKE & CLIFF DR SB,36.192341,-86.829181
CLACLINN,CLARKSVILLE PIKE & CLIFF DR NB,36.192195,-86.828462
CLAROSNN,CLARKSVILLE PIKE & ROSA PARKS BLVD NB,36.187826,-86.821122
CLAEDSM,CLARKSVILLE PIKE & ED TEMPLE BLVD S,36.187276,-86.820545
CLAEDTSN,CLARKSVILLE PIKE & ED TEMPLE BLVD S,36.188724,-86.82301
CLE3RDEN,CLEVELAND ST & N 3RD ST EB,36.186902,-86.766241
CLEMERWM,CLEVELAND ST & MERIDIAN ST WB,36.187051,-86.76733
CLI34AWF,CLIFTON AVE & 34TH AVE N WB,36.158465,-86.827484
CLI40AEF,CLIFTON AVE & 40TH AVE N EB,36.157053,-86.834036
CLIBUENM,CLIFF DR & SMITH TOWERS NB,36.195962,-86.826163
COLDAVPR,COLEY DAVIS RD SHELTER PARK AND RIDE,36.079608,-86.955657
COUDOAWN,COUNTY HOSPITAL RD & DOAK AVE WB,36.19142,-86.83582
COUHYDWF,COUNTY HOSPITAL RD & HYDES FERRY RD WB,36.189334,-86.838008
COUPANWN,COUNTY HOSPITAL RD & PANORAMA DR WB,36.18444,-86.843029
COUPANEN,COUNTY HOSPITAL RD & PANORAMA DR,36.18413,-86.843152
COUPANEM,COUNTY HOSPITAL RD & PANORAMA DR EB,36.187716,-86.839444
CREGREWN,CRESTMOOR RD & GREEN HILLS VILLAGE DR WB,36.109519,-86.814508
BUC10AWM,BUCHANAN ST & 10TH AVE N WB,36.180536,-86.802572
DEL26AWN,DELK AVE & 26TH AVE N WB,36.178443,-86.819095
DICBELSS,DICKERSON PIKE & BELLSHIRE DR SB,36.259517,-86.757895
DICBENNF,DICKERSON PIKE & BEN ALLEN RD NB,36.225551,-86.760196
DICCLESN,N DICKERSON PIKE & CLEVELAND ST SB,36.187551,-86.773405
DICGORSF,DICKERSON PIKE & GORDON TER SB,36.212387,-86.765054
DICGRISN,DICKERSON PIKE & GRIZZARD AVE SB,36.208326,-86.767458
DICDELNF,DICKERSON PIKE & DELLWAY VILLA DR N,36.213799,-86.764334
DICBENNM,DICKERSON PIKE & BEN ALLEN NB,36.227385,-86.759588
DICTRINM,DICKERSON PIKE & E TRINITY LN NB,36.204013,-86.768942
DICMARNM,DICKERSON PIKE & MARIE MB,36.198447,-86.770684
DICALHSF,DICKERSON PIKE & ALHAMBRA CIR SB,36.219365,-86.762615
DICDONNF,DICKERSON PIKE & DONALD ST NB,36.211858,-86.765017
DICDOUNN,DICKERSON PIKE & DOUGLAS AVE NB,36.194021,-86.772334
DICDUESF,DICKERSON PIKE & DUE WEST AVE SB,36.255715,-86.757984
DICTRINN,DICKERSON PIKE & E TRINTY LN NB,36.205694,-86.768557
DICEVANN,DICKERSON PIKE & EVANSTON AVE NB,36.189985,-86.772877
DICEWISF,DICKERSON PIKE & EWING DR SB,36.228732,-86.759498
DICGATNF,DICKERSON PIKE & GATEWOOD AVE NB,36.20058,-86.769664
DICGATSN,DICKERSON PIKE & GATEWOOD AVE SB,36.200189,-86.770043
DICGRANN,DICKERSON PIKE & GRACE ST NB,36.183055,-86.773789
DICGRASN,N DICKERSON PIKE & GRACE ST SB,36.18378,-86.773882
DICHANNN,N DICKERSON PIKE & HANCOCK ST NB,36.184323,-86.773647
DICLIGSF,DICKERSON PIKE & LIGON AVE SB,36.194193,-86.772489
DICLORNF,DICKERSON PIKE & LORRAINE AVE NB,36.217862,-86.762922
DICLUCNF,DICKERSON PIKE & LUCILE ST NB,36.196843,-86.771548
DICLUCSN,DICKERSON PIKE & LUCILE ST SB,36.196528,-86.771895
DICMULSN,DICKERSON PIKE & MULBERRY DOWNS CIR,36.251637,-86.757526
DICBELSN,DICKERSON PK & BELL GRIMES LN,36.268491,-86.756147
DICPINNN,DICKERSON PIKE & PINE RIDGE DR NB,36.22127,-86.761726
DICPINSN,DICKERSON PIKE & PINE RIDGE DR SB,36.221328,-86.761926
DICQUENN,DICKERSON PIKE & QUEEN AVE NB,36.208232,-86.767299
DICRICNN,DICKERSON PIKE & RICHARDSON AVE NB,36.191684,-86.772668
DICRICSF,DICKERSON PIKE & RICHARDSON AVE SB,36.191513,-86.772859
DICDELNN,DICKERSON & DELLWAY DR NB,36.214963,-86.763917
DICCLENN,N DICKERSON PIKE & CLEVELAND ST NB,36.187195,-86.773301
DICSUNNF,DICKERSON PIKE & SUNSET CR NB,36.223889,-86.760818
DICSUNSF,DICKERSON PIKE & SUNSET CR SB,36.223271,-86.76125
DICTUCSN,DICKERSON PK & TUCKAHOE DR SB,36.261558,-86.757642
DICWTRSF,DICKERSON PIKE & W TRINITY LN SB,36.204256,-86.769112
DOMFREWN,DOMINICAN DR & FRENCH LANDING DR WB,36.188503,-86.7964
DOMFREEN,DOMINICAN DR & FRENCH LANDING DR EB,36.188396,-86.796012
DOMMETEN,DOMINICAN DR & METRO CENTER BLVD EB,36.187775,-86.798861
DONSHASM,DONELSON PKWY & SHACKLETT DR SB,36.143629,-86.666815
DONROYNN,DONELSON PKWY & ROYAL PKWY NB,36.145763,-86.666486
DOVMOOWN,DOVERSIDE DR & MOOREWOOD DR WB,36.240405,-86.772814
DRDHERSN,DR DB TODD JR BLVD & HERMOSA ST SB,36.164472,-86.804654
DRDJOJNN,DR DB TODD JR BLVD & JO JOHNSTON AVE NB,36.160454,-86.801749
DRDPEANF,DR DB TODD JR BLVD & PEARL ST NB,36.159231,-86.800963
DOVEAGWN,DOVERSIDE DR & EAGLEWOOD LN WB,36.241297,-86.76779
EASCHAEN,EASTLAND AVE & CHAPEL AVE EB,36.182615,-86.735933
EASBENWN,EASTLAND AVE & BENSON ST WB,36.182943,-86.738759
EASCHAWN,EASTLAND AVE & CHAPEL AVE WB,36.182712,-86.735606
EASSETEN,EASTLAND AVE & SETLIFF PL EB,36.182778,-86.738046
EDG12AWN,EDGE HILL AVE & 12TH AVE S WB,36.142776,-86.786695
EDG15AEN,EDGEHILL AVE & 15TH AVE S EB,36.14307,-86.790822
EDG19AWN,EDGEHILL AVE & 19TH AVE S WB,36.143915,-86.797502
CHE8AWN,CHESTNUT ST & 8TH AVE S WB,36.141776,-86.778352
EDG9AWN,EDGE HILL AVE & 9TH AVE S WB,36.141994,-86.78077
EDG17AWN,EDGEHILL AVE & 17TH AVE S WB,36.143534,-86.79422
EDGPEDWF,EDGE HILL AVE & PEDWALK WB,36.14195,-86.783867
ELMWANEM,ELM HILL PIKE & WANDA DR EB,36.1506,-86.693653
ELMAPPNF,ELM HILL PIKE & APPLETON DR NB,36.14918,-86.702937
ELMATRWM,ELM HILL PIKE & ATRIUM WAY WB,36.153276,-86.688346
ELMNELWN,ELM HILL PIKE & NELSON PL WB,36.149113,-86.667591
ELMROYWN,ELM HILL PIKE & ROYAL PKWY WB,36.151738,-86.676829
ELMERMEN,ELM HILL PIKE & ERMAC DR EB,36.153273,-86.686932
MURLESWF,MURFREESBORO PIKE & LESTER AVE WB,36.145782,-86.752927
ELMAIRWM,ELM HILL PIKE & AIR LANE DR WB,36.146839,-86.704906
ELMMASWM,ELM HILL PIKE & MASSMAN DR WB,36.144372,-86.71576
ELMROYEN,ELM HILL PIKE & ROYAL PKWY EB,36.151668,-86.677224
ELMSPEWN,ELM HILL PIKE & SPENCE LN WB,36.144052,-86.72106
ELMSPEWF,ELM HILL PIKE & SPENCE LN WB,36.144025,-86.723261
ELMSPEEN,ELM HILL PIKE & SPENCE LN EB,36.143867,-86.723189
ELMSPEEM,ELM HILL PIKE  & SPENCE LN EB,36.143929,-86.720575
ELMWANWN,ELM HILL PIKE & WANDA DR WB,36.150495,-86.696659
EWIBRIWN,EWING DR & BRICK CHURCH PIKE WB,36.231512,-86.78049
EWIEWIWN,EWING DR & EWING LN WB,36.231059,-86.7766
FAT18SEN,FATHERLAND ST & S 18TH ST EB,36.17301,-86.73886
CHEFOREM,CHESTNUT ST & FORT NEGLEY BLVD EB,36.142159,-86.774589
FRAHORNN,FRANKLIN PIKE & HORNER AVE NB,36.12221,-86.775663
FRABRANF,FRANKLIN PIKE & BRADFORD AVE NB,36.128846,-86.777885
FRACRANF,FRANKLIN PIKE & CRAIGHEAD ST NB,36.126558,-86.777093
FRAINVNF,FRANKLIN PIKE & INVERNESS AVE NB,36.125078,-86.776593
FRAINVSF,FRANKLIN PIKE & INVERNESS AVE SB,36.124631,-86.776671
GALALTNF,N GALLATIN PIKE & ALTA LOMA RD NB,36.293418,-86.702038
GALALLSN,N GALLATIN PK & ALTA LOMA RD SB,36.293366,-86.702361
GALARDNN,N GALLATIN PIKE & ARDEE AVE NB,36.219487,-86.727398
GALBERNN,S GALLATIN PIKE & BERKLEY DR NB,36.24635,-86.721253
GALBERWF,S GALLATIN PIKE & BERKLEY DR SB,36.246271,-86.72157
GALBRONN,S GALLATIN PIKE & BROADMOOR DR NB,36.229022,-86.725043
GALBURNN,GALLATIN PK & BURCHWOOD AV NB,36.20057,-86.740034
GALBURSN,GALLATIN PK & BURCHWOOD AV SB,36.201101,-86.739939
GALCURSN,GALLATIN PIKE & CURDWOOD BLVD SB,36.219947,-86.72741
GALEMMNN,GALLATIN PIKE & EMMITT AVE NB,36.252894,-86.71689
GALSTANF,GALLATIN PIKE & STRATFORD AVE NB,36.214783,-86.730154
GALGRENN,GALLATIN PIKE & GREENWOOD AVE NB,36.190647,-86.745313
GALIVENN,GALLATIN PIKE & IVERSON AVE NB,36.207698,-86.735472
GALEMMSN,S GALLATIN PIKE & EMMITT AVE SB,36.253528,-86.716746
GALMAPNF,GALLATIN PIKE & MAPLE ST NB,36.261602,-86.7123
GALMAYSN,GALLATIN PIKE & MAYNOR AVE SB,36.207107,-86.736105
GALEDENF,GALLATIN PIKE & EDENWOLD RD NB,36.287243,-86.705075
GALMONSN,N GALLATIN PIKE & MONTICELLO AVE SB,36.287054,-86.705431
GALOLDSN,N GALLATIN PIKE & OLD HICKORY BLVD SB,36.264437,-86.7115
GALANDNF,N GALLATIN PIKE & ANDERSON LN NB,36.273885,-86.709877
GALGRESF,GALLATIN AVE & GREENWOOD AVE SB,36.1902,-86.74568
GALGILSF,GALLATIN PIKE & GILOCK ST SB,36.214284,-86.730804
GALCONNN,GALLATIN PIKE & CONFERENCE DR NB,36.302356,-86.692218
GRABATSN,GRANNY WHITE PIKE & BATTLEFIELD DR  SB,36.115327,-86.792019
GRABATNN,GRANNY WHITE PIKE & BATTLEFIELD DR NB,36.115166,-86.79194
GRADRANN,GRANNY WHITE PIKE & DRAUGHON AVE NB,36.110228,-86.792679
GRADRASN,GRANNY WHITE PIKE & DRAUGHON AVE SB,36.110451,-86.792803
GRAMORSM,GRANNY WHITE PIKE & MORROW AVE SB,36.104798,-86.796221
GRANALNN,GRANNY WHITE PIKE & NOELTON AVE NB,36.112817,-86.792321
GRANOESN,GRANNY WHITE PIKE & NOELTON AVE SB,36.112987,-86.792433
GREATHEF,GREAT CIRCLE RD & ATHENS WAY EB,36.198278,-86.795193
GREATHEM,GREAT CIRCLE RD & ATHENS WAY EB,36.196325,-86.792789
GREVANEN,GREAT CIRCLE RD & VANTAGE WAY EB,36.193121,-86.791202
HAR10AWN,HARRISON ST & 10TH AVE N WB,36.167302,-86.791287
HAR8AWF,HARRISON ST & 8TH AVE N WB,36.168367,-86.788962
HARBOSWM,HARDING PIKE & BOSLEY SPRINGS RD WB,36.126788,-86.845188
HARLEANN,HARDING PIKE & LEAKE AVE NB,36.105156,-86.868423
HARHAREN,HARDING PIKE & HARDING PL EB,36.101951,-86.870292
HARHARWN,HARDING PL & HARDING MALL WB,36.080547,-86.722833
HARTANWF,HARDING PL & TANGLEWOOD CT WB,36.081633,-86.714151
HARJONWN,HARDING PIKE & JONQUIL DR WB,36.080494,-86.717779
HARPOSSN,HARDING PIKE & POST RD SB,36.104123,-86.869403
HARBELNN,HARDING PIKE & BELLE MEADE BLVD NB,36.119246,-86.855264
HARHILLW,HARDING PIKE & HILLWOOD BLVD WB,36.121384,-86.852753
HARPAGSN,HARDING PIKE & PAGE RD SB,36.100465,-86.871159
HARTAMWF,HARDING PL & TAMPA DR WB,36.08259,-86.711049
HARVINWN,HARDING PIKE & VINE CT WB,36.129868,-86.839437
HARVINEN,HARDING PIKE & VINE CT EB,36.129538,-86.839827
HARWHBWM,HARDING PIKE & WHITE BRIDGE WB,36.12324,-86.850219
HARBOSWN,HARDING PIKE & BOSLEY SPRINGS RD WB,36.127696,-86.843826
HER11AWN,HERMAN ST & 11TH AVE N WB,36.168145,-86.794374
HER14AEN,HERMAN ST & 14TH AVE N EB,36.166205,-86.798497
HER24TWN,HERMAN ST & 24TH AVE N WB,36.162189,-86.81178
HER25AWN,HERMAN ST & 25TH AVE N WB,36.162366,-86.814559
HER25AEN,HERMAN ST & 25TH AVE N EB,36.162273,-86.814615
JAC17AEN,JACKSON ST & 17TH AVE N EB,36.166302,-86.803747
HERDRIWN,HERMITAGE AVE & DRIFTWOOD ST WB,36.154836,-86.758268
HERDRISF,HERMITAGE AVE & DRIFTWOOD ST SB,36.154664,-86.758368
HERLINWF,HERMITAGE AVE & LINDSLEY AVE WB,36.15508,-86.763995
HEREDGEN,HERMITAGE AVE & EDGAR ST EB,36.153225,-86.749969
HERMIDSF,HERMITAGE AVE & MIDDLETON ST SB,36.155744,-86.766723
HERWARWN,HERMAN ST & WARREN ST WB,36.168499,-86.793355
HICOCANN,HICKORY PLAZA DR & OCALA DR NB,36.050659,-86.716055
HILCRESN,HILLSBORO PIKE & CRESTMOOR RD SB,36.110036,-86.811595
HILGOLSF,HILLSBORO PIKE & GOLF CLUB LN SB,36.117639,-86.810283
HILGOLNF,HILLSBORO PIKE & GOLF CLUB LN NB,36.117949,-86.809911
HILGRASN,HILLSBORO PIKE & GRAYBAR LN SB,36.111281,-86.811431
HILGRANN,HILLSBORO PIKE & GRAYBAR LN NB,36.111099,-86.811197
HILHAMSN,HILLSBORO PIKE & HAMPTON AVE SB,36.115795,-86.810718
HILSHASN,HILLSBORO PIKE & SHARONDALE DR SB,36.120733,-86.808043
21AWOONF,21ST AVE S & WOODLAWN DR NB,36.125435,-86.805294
HILWOOSN,HILLSBORO PIKE & WOODMONT BLVD SB,36.114169,-86.811039
HILWOONM,HILLSBORO PIKE & WOODMONT BLVD NB,36.11461,-86.810695
H70BAPWM,HWY 70 S & BAPTIST BELLEVUE MEDICAL WB,36.078807,-86.951223
HWYSAWWM,HWY 70 S & SAWYER BROWN WB,36.077742,-86.947539
H70CARSN,HWY 70 S & CARNAVON PKWY WB,36.089861,-86.890964
H70COLEF,HWY 70 S & COLEY DAVIS RD EB,36.078866,-86.952313
H70COLEM,HWY 70 S & COLICE JEANNE RD EB,36.073839,-86.934652
H70BROEF,HWY 70 S & BROOKMONT TR EB,36.080517,-86.900418
H70ERIEN,HWY 70 S & ERIN LN EB,36.078285,-86.909009
H70ERIWF,HWY 70 S & ERIN LN WB,36.078448,-86.909294
H70HICEN,HWY 70 S & HICKS LN EB,36.073828,-86.926547
H70HICWN,HWY 70 S & HICKS RD WB,36.074021,-86.92593
STPLESPR,HWY 70 S STAPLES PARK AND RIDE EB,36.077513,-86.947762
H70OLDEF,HWY 70 S & OLD HICKORY BLVD EB,36.074666,-86.91989
H70OLDWF,HWY 70 S & OLD HARDING PIKE WB,36.074125,-86.923236
HWYPEREN,HWY 70 S & PERCY WARNER BLVD EB,36.084661,-86.894509
HWYSAWEN,HWY 70 S & SAWYER BROWN RD EB,36.076953,-86.94581
H70CHIEF,HWY 70 S & CHIMNEY HILL EB,36.076334,-86.915073
ALBDBTWF,ALBION ST & DR D B TODD JR BLVD WB,36.166186,-86.806237
MAIS6SEN,MAIN ST & S 6TH ST EB,36.173464,-86.763597
JAM8AWN,JAMES ROBERTSON PKWY & 8TH AVE N WB,36.167691,-86.78696
JAMGAYWF,JAMES ROBERTSON PKWY & GAY ST WB,36.168027,-86.777868
JAM2AEF,JAMES ROBERTSON PKWY & 2ND AVE N EB,36.167694,-86.778124
JEF10AEN,JEFFERSON ST & 10TH AVE N EB,36.172277,-86.795009
JEF10AWN,JEFFERSON ST & 10TH AVE N WB,36.172525,-86.794592
JEF11AEN,JEFFERSON ST & 11TH AVE N EB,36.17181,-86.79716
JEF11TWN,JEFFERSON ST & 11TH  AVE N WB,36.171851,-86.797607
JEF12AEN,JEFFERSON ST & 12TH AVE N EB,36.171135,-86.79961
JEF14TWM,JEFFERSON ST & 14TH AVE N WB,36.170981,-86.800988
JEF16EN,JEFFERSON ST & 16TH AVE N EB,36.170152,-86.803805
JEF26AWN,JEFFERSON ST & 26TH AVE N WB,36.168263,-86.816657
JEF27AEN,JEFFERSON ST & 27TH AVE EB,36.167831,-86.818921
JEF27AWF,JEFFERSON ST & 27TH AVE WB,36.167939,-86.818875
JEF9AEN,JEFFERSON ST & 9TH AVE N EB,36.17293,-86.792455
JEF9AWN,JEFFERSON ST & 9TH AVE N WB,36.173126,-86.792339
JEFDBTEF,JEFFERSON ST & DR DB TODD JR BLVD EB,36.169454,-86.806339
JEFDBTWN,JEFFERSON ST & DR DB TODD JR BLVD W,36.169608,-86.806359
JEFI40EN,JEFFERSON ST & I-40 EB,36.168009,-86.817577
JEFI40EF,JEFFERSON ST & I-40 EB,36.168638,-86.812601
JEFTEMWN,JEFFERSON ST & ED TEMPLE BLVD WB,36.167813,-86.820382
JEFI40WN,JEFFERSON ST & I-40 WB,36.168689,-86.813078
JOH31AWN,JOHN A MERRITT BLVD & 31ST AVE N WB,36.167583,-86.824377
JOH33AEF,JOHN MERRITT & 33 AVE,36.167145,-86.826597
JOH28AEN,JOHN A MERRITT BLVD & 28TH AVE N EB,36.167831,-86.822246
JOH31AEN,JOHN A MERRITT BLVD & 31ST AVE N EB,36.167458,-86.824578
MLKIN,MARTIN LUTHER KING SCHOOL IB,36.161197,-86.80018
JONJONSN,JONES AVE & JONES CIR SB,36.206463,-86.758067
KINHAYEN,KINGS LN & HAYNES PARK DR EB,36.218819,-86.833837
LAF1AVWN,LAFAYETTE ST & 1ST AVE S WB,36.150003,-86.765572
LAF1AEM,LAFAYETTE ST & 1ST AVE S EB,36.149651,-86.765113
LAF4AWN,LAFAYETTE ST & 4TH AVE S WB,36.151871,-86.770982
LAFLEWWN,LAFAYETTE ST & LEWIS ST WB,36.147586,-86.758364
LAFFAIEN,LAFAYETTE ST & FAIRFIELD AVE EB,36.147292,-86.758147
LEBANDWF,LEBANON PIKE & ANDREW JACKSON PKWY WB,36.215281,-86.598789
LEBBELNN,LEBANON PIKE & BELINDA DR NB,36.204807,-86.614291
LEBBELSF,LEBANON PIKE & BELINDA DR SB,36.204566,-86.614892
LEBBONNN,LEBANON PIKE & BONNA SPRING DR NB,36.195483,-86.621651
LEBBRIEF,LEBANON PIKE & BRILEY PKWY EB,36.168386,-86.686984
LEBCENEF,LEBANON PIKE & CENTRAL PK EB,36.187214,-86.630501
LEBCENWF,LEBANON PIKE & CENTRAL PK WB,36.187036,-86.63138
LEBCLOWN,LEBANON PIKE & CLOVERNOOK DR WB,36.154919,-86.712349
LEBCLOEF,LEBANON PIKE & CLOVERNOOK DR EB,36.154874,-86.711963
LEBCRAWN,LEBANON PIKE & CRAIGMEADE DR WB,36.168174,-86.691162
LEBDANNN,LEBANON PIKE & DANYACREST AVE NB,36.179616,-86.64385
HERDECWN,HERMITAGE AVE & DECATUR AVE WB,36.153619,-86.753111
LEBDISWN,LEBANON PIKE & DISPAYNE DR SB,36.172821,-86.649359
LEBDONEM,LEBANON PIKE & DONELSON PIKE EB,36.167014,-86.660909
LEBDONEN,LEBANON PIKE & DONELSON PIKE EB,36.167637,-86.663513
LEBDOWN,LEBANON PIKE & DOWNEY MEADE DR SB,36.181662,-86.642131
LEBFAIWN,LEBANON PIKE & FAIRWAY DR WB,36.169185,-86.682242
LEBFAIEN,LEBANON PIKE & FAIRWAY DR EB,36.168967,-86.682594
LEBFESN,LEBANON PIKE & FESSLERS LN WB,36.154424,-86.743072
LEBFESEN,LEBANON PIKE & FESSLERS LN EB,36.154271,-86.742493
LEBGRAWN,LEBANON PIKE & GRAYLNN DR WB,36.169933,-86.674357
LEBAGREF,LEBANON PIKE & GRAYLYNN DR EB,36.169796,-86.673928
LEBHICNM,LEBANON PIKE & HICKORY HILL LN NB,36.188823,-86.628212
LEBHICSN,LEBANON PIKE & HICKORY HILL LN SB,36.188605,-86.628997
LEBHCKNM,LEBANON PIKE & HICKORY HILL LN NB,36.190017,-86.62654
LEBJACEF,LEBANON PIKE & JACKSON DOWNS BLVD EB,36.182108,-86.640891
LEBJACSN,LEBANON PIKE & JACKSONIAN DR SB,36.193116,-86.623786
LEBJUASN,LEBANON PIKE & JUAREZ DR NB,36.19301,-86.62348
LEBJACEM,LEBANON PIKE & JACKSON DOWNS BLVD E,36.18533,-86.636017
LEBLEBEN,LEBANON PIKE & LEBANON PIKE CIR EB,36.153544,-86.718321
LEBLYNSN,LEBANON PIKE & LYNNMEADE DR SB,36.161355,-86.701771
LEBLYNNN,LEBANON PIKE & LYNMEADE DR NB,36.161079,-86.701874
LEBLYNNM,LEBANON PIKE & LYNMEADE DR NB,36.162808,-86.70011
LEBMCGWF,LEBANON PIKE & MCGAVOCK PK WB,36.169353,-86.680458
LEBMCGEF,LEBANON PIKE & MCGAVOCK PK EB,36.169355,-86.67936
LEBMCGEM,LEBANON PIKE & MCGAVOCK PK EB,36.16954,-86.677259
LEBMONNF,LEBANON PIKE & MONACO DR NB,36.206181,-86.61293
LEBMONSN,LEBANON PIKE & MONACO DR SB,36.20624,-86.613246
LEBMUNSN,LEBANON PIKE & MUNN RD SB,36.168906,-86.656096
LEBOMOWN,LEBANON PIKE & OMOHUNDRO PL WB,36.153681,-86.733762
LEBSPEWM,LEBANON PIKE & SPENCE LN  WB,36.153425,-86.724436
LEBBONSF,LEBANON PIKE & BONNA SPRINGS DR SB,36.195357,-86.621937
LEBSTOWM,LEBANON PIKE & STONES RIVER RD WB,36.185434,-86.636695
LEBDANSM,LEBANON PIKE & DANYACREST DR SB,36.178744,-86.64485
LEBSPRSN,LEBANON PIKE & SPRING PLACE DR SB,36.174309,-86.647406
LEBPARWM,LEBANON PIKE & PARK DR WB,36.169721,-86.677448
LEBBRIWN,LEBANON PIKE & BRILEY PKWY WB,36.168806,-86.685747
LEBLEBWM,LEBANON PIKE & LEBANON PIKE CIR WB,36.153806,-86.718351
LEBOLDNN,LEBANON PIKE & OLD HICKORY BLVD NB,36.197895,-86.620409
LEBOMOEM,LEBANON PIKE & OMOHUNDRO PL EB,36.153458,-86.733717
LEBOMDEN,LEBANON PIKE & OMOHUNDRO DR EB,36.156939,-86.709065
LEBOMOEN,LEBANON PIKE & OMOHUNDRO PL EB,36.154402,-86.739793
LEBSHUEN,LEBANON PIKE & SHUTE LN EB,36.214687,-86.604135
LEBANDWM,LEBANON PIKE & ANDREW JACKSON PKWY EB,36.215305,-86.602305
LEBSPEWN,LEBANON PIKE & SPENCE LN WB,36.153846,-86.721279
LEBSPEEF,LEBANON PIKE & SPENCE LN EB,36.153637,-86.721111
LEBSPEEM,LEBANON PIKE & SPENCE LN EB,36.153217,-86.72465
LEBMUNEN,LEBANON PIKE & MUNN LN EB,36.168641,-86.656204
LEBTYLNF,LEBANON PIKE & TYLER DR  NB,36.201715,-86.617208
LEBWEWN,LEBANON PIKE & WEELINGTON SQ SB,36.176888,-86.645588
LISCLESN,LISCHEY AVE & CLEVELAND ST SB,36.186979,-86.764469
LISRICNM,LISCHEY AVE & RICHARDSON AVE NB,36.193233,-86.763275
LISDOUNF,LISCHEY AVE & DOUGLAS AVE NB,36.194476,-86.763076
LISEDINN,LISCHEY AVE & EDITH AVE NB,36.201857,-86.761771
LISEDWNN,LISCHEY AVE & EDWIN ST NB,36.204126,-86.761306
LISEVANN,LISCHEY AVE & EVANSTON AVE NB,36.190616,-86.763738
LISEVASN,LISCHEY AVE & EVANSTON AVE SB,36.190108,-86.763935
LISMARNF,LISCHEY AVE & MARIE ST NB,36.196629,-86.762686
MAIGRAEN,MAINSTREAM DR & GREAT CIRCLE RD EB,36.199561,-86.809252
MAIMCFEN,MAIN ST & MCFERRIN AVE EB,36.176318,-86.756009
MAIFRENF,MAINSTREAM DR & FREELAND ST RD NB,36.195922,-86.817672
MAIFREEM,MAINSTREAM DR & FREELAND STN RD EB,36.197812,-86.81663
MAI5STWN,MAIN ST & 5TH ST WB,36.173071,-86.764954
MAYDUPSN,MAY DR & N. DUPONT AVE SB,36.267449,-86.695156
MCGHUFWN,MCGAVOCK PIKE & HUFFINE ST WB,36.204271,-86.729218
MCGSCOWM,MCGAVOCK PIKE & SCOTT AVE WB,36.204474,-86.731595
MEALYTNN,MEADOW HILL DR & LYTLE DR NB,36.221755,-86.825068
MER2SWN,MERIDIAN ST & N 2ND ST WB,36.178944,-86.771204
MERBERNN,MERIDIAN ST & BERRY ST NB,36.181099,-86.768835
MERCLENN,MERIDIAN ST & CLEVELAND ST NB,36.186802,-86.768004
MERHANNN,MERIDIAN ST & HANCOCK ST NB,36.183683,-86.768456
MERLISEN,MERIDIAN ST & LISCHEY PL EB,36.178783,-86.77052
METATHWM,METROCENTER & ATHENS WAY WB,36.193468,-86.804342
MOOCRISN,MOOREWOOD DR & CRISLYNNDALE DR SB,36.237078,-86.773387
MOOWILSF,MOOREWOOD DR & WILMOTH RD SB,36.235365,-86.775314
MURARLEM,MURFREESBORO PIKE & ARLINGTON AVE E,36.13884,-86.73271
MURBLAWF,MURFREESBORO PIKE & BLANTON AVE WB,36.138954,-86.732227
MURBORNF,MURFREESBORO PIKE & BOROWOOD DR NB,36.091459,-86.651302
MURBORSN,MURFREESBORO PIKE & BOROWOOD DR SB,36.091319,-86.65147
MURBROSN,MURFREESBORO PIKE & BROOKSBORO TER SB,36.083767,-86.647361
MURBRONN,MURFREESBORO PIKE & BROOKSBORO TR NB,36.083498,-86.647019
MURDELEN,MURFREESBORO PIKE & DELL PKWY EB,36.107739,-86.677328
MURDELWN,MURFREESBORO PIKE & DELL PKWY WB,36.107799,-86.676468
MURREEWN,MURFREESBORO PIKE & REEDWOOD DR,36.104936,-86.669667
MURDOVSF,MURFREESBORO PIKE & DOVER GLEN DR S,36.076775,-86.641112
MURFESEN,MURFREESBORO PIKE & FESSLERS LN EB,36.142803,-86.744655
MURFESWF,MURFREESBORO PIKE & FESSLERS LN WB,36.143158,-86.745103
MURFRASN,MURFREESBORO PIKE & FRANKLIN LIMEST,36.094514,-86.653638
MURKNIEN,MURFREESBORO PIKE & KNIGHT VALLEY DR EB,36.11292,-86.689366
MURMCGWN,MURFREESBORO PIKE & MCGAVOCK PIKE WB,36.116474,-86.697091
MURMCGEF,MURFREESBORO PIKE & MCGAVOCK PIKE EB,36.11584,-86.696438
MURMLWWN,MURFREESBORO PK & MILLWOOD,36.129503,-86.714454
MURMILEN,MURFREESBORO PIKE & MILLWOOD DR EB,36.129522,-86.714961
MURSHISM,MURFREESBORO PIKE & SHIAWAY DR SB,36.080171,-86.645483
MURFRANN,MURFREESBORO PIKE & FRANKLIN LIMEST,36.094437,-86.653178
MURHARWN,MURFREESBORO PIKE & HARDING PL WB,36.098534,-86.659101
MURHAREN,MURFREESBORO PIKE & HARDING PL EB,36.098669,-86.659698
MURWILEN,MURFREESBORO PIKE & WILHAGAN RD EB,36.132429,-86.719647
MURWILWF,MURFREESBORO PIKE & WILHAGAN RD WB,36.132712,-86.719557
1SOLDSM,N 1ST ST & OLDHAM ST SB,36.172087,-86.773844
1SSPRSM,N 1ST ST & SPRING ST SB,36.175614,-86.774526
NEERIVSN,NEELYS BEND RD & RIVER PASS,36.245185,-86.679192
NXIANTCH,ANTIOCH STATION INBOUND,36.102326,-86.740727
NOLAPRNN,NOLENSVILLE PIKE & APRIL LN NB,36.055847,-86.715456
NOLBRENN,NOLENSVILLE PIKE & BREWER DR NB,36.053564,-86.714792
NOLEDMSF,NOLENSVILLE PIKE & EDMONSON PIKE SB,36.076513,-86.725543
NOLELYNN,ELYSIAN FIELDS STATION INBOUND,36.08653,-86.729632
NOLELYSN,ELYSIAN FIELDS STATION OUTBOUND,36.086253,-86.729671
NOLFAINM,NOLENSVILLE PIKE & FAIRLANE DR NB,36.064303,-86.717023
NOLFLONN,NOLENSVILLE PIKE & FLORA MAXWELL RD NB,36.074956,-86.724751
NXIGLNRS,GLENROSE STATION INBOUND,36.126133,-86.752571
NOLHAYNF,NOLENSVILLE PK & HAYWOOD LN,36.068691,-86.719428
NOLHAYSN,NOLENSVILLE PIKE & HAYWOOD LN SB,36.068213,-86.719328
NOLMCMSN,NOLENSVILLE PIKE & MCMURRAY DR SB,36.061867,-86.716904
NXOMCNLY,MCNALLY STATION OUTBOUND,36.093821,-86.736616
NXOANTCH,ANTIOCH STATION OUTBOUND,36.1019,-86.740743
NXOPCHTR,PEACHTREE STATION OUTBOUND,36.119777,-86.749754
NXIMCNLY,MCNALLY STATION INBOUND,36.093692,-86.736273
NXOFRGND,FAIRGROUNDS STATION OUTBOUND,36.135034,-86.759818
NXOGLNRS,GLENROSE STATION OUTBOUND,36.126086,-86.752832
NOLNORNN,NOLENSVILLE PIKE & NORTHCREST DR NB,36.066634,-86.717764
NOLNORSN,NOLENSVILLE PIKE & NORTHCREST DR SB,36.066936,-86.718231
NOLNORSM,NOLENSVILLE PIKE & NORTHCREST DR SB,36.065119,-86.71749
NOLOCASN,NOLENSVILLE PIKE & OCALA DR SB,36.05165,-86.71458
NOLOLDSN,NOLENSVILLE PIKE & OLD HICKORY BLVD,36.045659,-86.713452
NXIPCHTR,PEACHTREE STATION INBOUND,36.120327,-86.749782
NOLTAYWN,NOLENSVILLE PIKE & TAYLOR RD WB,36.069631,-86.720726
NXITHMPN,THOMPSON STATION INBOUND,36.112037,-86.745666
NXOTHMPN,THOMPSON STATION OUTBOUND,36.111844,-86.745821
NOLTUSNN,NOLENSVILLE PIKE & TUSCULUM RD NB,36.059956,-86.716265
NOLTUSSN,NOLENSVILLE PIKE & TUSCULUM RD SB,36.059175,-86.716445
NOLAPRSN,NOLENSVILLE PIKE & APRIL LN SB,36.056148,-86.715911
NXIVERTS,VERITAS STATION INBOUND,36.097942,-86.7385
NOLWALNN,NOLENSVILLE PIKE & WALLACE RD NB,36.076974,-86.725383
NXIFRGND,FAIRGROUNDS STATION INBOUND,36.135392,-86.759737
NOLFLOSN,NOLENSVILLE PIKE & FLORA MAXWELL RD,36.075055,-86.725073
NXOWDCST,WOODYCREST STATION OUTBOUND,36.130773,-86.755878
NXINVZOO,NASHVILLE ZOO STATION INBOUND,36.090045,-86.733393
NXONVZOO,NASHVILLE ZOO STATION OUTBOUND,36.089632,-86.733373
OAKALLNN,OAKWOOD  AVE & ALLENWOOD DR NB,36.211891,-86.753488
OAKSTASN,OAKVIEW DR & STARLIGHT DR SB,36.238116,-86.766147
OLDBELNF,OLD HICKORY & BELLE FOREST CIR NB,36.077513,-86.919895
OLDBLFSN,OLD HICKORY BLVD & BELLE FOREST CR SB,36.077656,-86.920051
HICOLDNF,HICKORY PLAZA DR & OLD HICKORY BLVD NB,36.045751,-86.716874
HICHVINN,HICKORY PZ & HICKORYVIEW DR,36.048729,-86.716298
OLDBELSM,OLD HICKORY BLVD & BELLE FOREST CR SB,36.075888,-86.921023
OLDHINSM,OLD HICKORY BLVD & HINDU TEMPLE SB,36.100213,-86.924106
OLDRIDNN,OLD HICKORY BLVD &  RIDGELAKE PKWY NB,36.097267,-86.924712
OLDRIDSF,OLD HICKORY BLVD & RIDGELAKE PKWY SB,36.097223,-86.924922
OPROPRNM,OPRY MILLS FOOD COURT,36.202834,-86.693524
CREPARWN,CREEKWOOD DR & PARK CREEK DR WB,36.233771,-86.768442
CREPARWF,CREEKWOOD DR & PARK CREEK DR WB,36.232446,-86.770036
CREOAKSN,CREEKWOOD DR & OAKVIEW DR SB,36.23502,-86.766514
CREOAKSM,CREEKWOOD DR & OAKVIEW DR SB,36.234353,-86.76768
CRERICWN,CREEKWOOD DR & RICHMOND HILL DR WB,36.231444,-86.773358
PON10AEM,PONDER PL & 10TH AVE N EB,36.19168,-86.803943
PONATHE2,PONDER PL & ATHENS WAY EB,36.191732,-86.802666
PORGRENN,PORTER RD & GREENWOOD AVE NB,36.18823,-86.729414
BRAEIRNN,BRANSFORD AVE & EAST IRIS DR NB,36.116603,-86.76628
BRABERNM,BRANSFORD AVE & BERRY RD NB,36.121653,-86.765486
100OAKS,100 OAKS MALL,36.106851,-86.762639
POWBRASN,POWELL AVE & BRANSFORD AVE,36.110678,-86.767185
POWPOWNM,POWELL AVE & POWELL PL NB,36.108232,-86.765569
PREWILSF,PREMIER DR & WILCLAY DR SB,36.144522,-86.880339
RICEWISN,RICHMOND HILL DR & EWING DR SB,36.230495,-86.773861
RICHILWN,RICHARD JONES RD & HILLSBORO PIKE W,36.104841,-86.814243
RICLONWF,RICHARD JONES & LONE OAK RD WB,36.104484,-86.809306
RICVAIWN,RICHMOND HILLS DR & VAILVIEW DR WB,36.234415,-86.774882
RIVDORNM,RIVERSIDE DR & DORCHESTER AVE NB,36.198116,-86.723062
RIVPIENN,RIVERSIDE DR & PIEDMONT AVE NB,36.201567,-86.722604
ROWBUESN,ROWAN DR & BUENA VISTA PIKE SB,36.21714,-86.819509
ROWBUENN,ROWAN DR & BUENA VISTA PIKE NB,36.217237,-86.819123
ROWCRONN,ROWAN DR & CROUCH DR NB,36.21883,-86.817947
ROWCRAEN,ROWAN DR & CRAVATH DR EB,36.220553,-86.811372
ROYDONEN,ROYAL PKWY & DONELSON PIKE EB,36.145921,-86.66687
ROYPEREM,ROYAL PKWY & PERIMETER PL EB,36.148364,-86.674225
ROYRACEN,ROYAL PKWY & RACHEL DR EB,36.147035,-86.672372
SAWPLANM,SAWYER BROWN RD & PLANTATION DR NB,36.074755,-86.945953
SHABELEN,SHACKLEFORD RD & BELMONT BLVD EB,36.101328,-86.80261
SHALONWN,SHACKLEFORD RD & LONE OAK RD WB,36.102172,-86.808761
SHE10SWN,SHELBY AVE & S 10TH ST WB,36.171413,-86.751834
SHE11SEN,SHELBY AVE & S 11TH ST EB,36.171202,-86.750954
SHE14SEN,SHELBY AVE & S 14TH ST EB,36.17079,-86.74695
SHE14SWN,SHELBY AVE & S 14TH ST WB,36.170861,-86.746613
SHE16SEN,SHELBY AVE & S 16TH ST EB,36.170439,-86.742956
SHE17SEN,SHELBY AVE & S 17TH ST EB,36.170207,-86.74041
SHE19SEN,SHELBY AVE & S 19TH ST EB,36.169954,-86.737673
SHE6STEN,SHELBY AVE & S 6TH ST EB,36.168252,-86.760367
SHE6SWM,SHELBY AVE & S 6TH ST WB,36.168564,-86.759938
SHE7SWN,SHELBY AVE & S 7TH ST WB,36.169407,-86.757756
SHE7SEN,SHELBY AVE & S 7TH ST EB,36.169144,-86.758006
SHE8SEN,SHELBY AVE & S 8TH ST EB,36.169855,-86.756272
SHE9SEN,SHELBY AVE  & S 9TH ST EB,36.170518,-86.754413
SHE9SWM,SHELBY AVE & S 9TH ST WB,36.170622,-86.754573
SLAOAKE,SLAYDON DR & OAKWOOD AVE EB,36.210825,-86.753878
TEN44AWM,TENNESSEE AVE & 44TH AVE N WB,36.161107,-86.841286
TEN44AEN,TENNESSEE AVE & 44TH AVE N EB,36.161013,-86.840794
TEN48AEN,TENNESSEE AVE & 48TH AVE N EB,36.161031,-86.84537
TEN48AEM,TENNESSEE AVE & 48TH AVE N EB,36.160893,-86.843896
TEN48AWN,TENNESSEE AVE & 48TH AVE N WB,36.16103,-86.843913
TEN49AWN,TENNESSEE AVE & 49TH AVE N WB,36.161082,-86.846414
TEN49AEN,TENNESSEE AVE & 49TH AVE N EB,36.160984,-86.846571
51ATENNN,51ST AVE N & TENNESSEE AVE NB,36.160713,-86.84895
THOPOWEM,THOMPSON LN & POWELL AVE EB,36.112013,-86.764776
THOEIREF,THOMPSON LN & EAST IRIS DR,36.111799,-86.762652
THOKRAEF,THOMPSON LN & KRAFT DR,36.111311,-86.757596
THOWESWF,THOMPSON LN & WEST IRIS DR WB,36.112451,-86.768579
TODDOREN,TODD PREIS DR & DORAL COUNTRY DR  EB,36.070333,-86.945514
TODDORWN,TODD PREIS DR & DORAL COUNTRY DR WB,36.070268,-86.945138
TODSAWWN,TODD PREIST DR & SAWYER BROWN RD WB,36.07108,-86.94684
UNI2AWN,UNION ST & 2ND AVE WB,36.166215,-86.777565
UNI7AWN,UNION ST & 7TH AVE N WB,36.163599,-86.783404
UNIROSWM,UNION ST & ROSA PARKS AVE WB,36.163064,-86.784562
VAISPEEM,VAILVIEW DR & SPEARS RD EB,36.239673,-86.768103
VAIBRIEM,VAILVIEW DR & BRICKDALE LN EB,36.236609,-86.77118
VAIQUAEN,VAILVIEW DR & QUALYNN DR EB,36.237217,-86.770335
VAIROBEN,VAILVIEW DR & ROBWOOD DR EB,36.237993,-86.769273
VANGREWM,VANTAGE WAY & GREAT CIRCLE RD WB,36.19169,-86.79438
VILBRIEM,VILLAGE TRL & BRICK CHURCH PIKE EB,36.24719,-86.777231
VILSTAEM,VILLAGE TRL & STANDING STONE DR EB,36.247457,-86.773292
WALLINNN,WALLACE RD & LINBAR DR NB,36.081356,-86.702265
WALSOUEN,WALLACE RD & SOUTHERN HILLS EB,36.077723,-86.724153
WALBROEM,WALLACE RD & BROOKRIDGE TL EB,36.079052,-86.720713
WALTUREN,WALLACE RD & TURLEY DR EB,36.079055,-86.708431
WED17AEN,WEDGEWOOD AVE & 17TH AVE S EB,36.136868,-86.795931
WED19AEN,WEDGEWOOD AVE & 19TH AVE S EB,36.137287,-86.798379
WEDBRAEN,WEDGEWOOD AVE & BRANSFORD AVE EB,36.133255,-86.769002
WES17AWN,WEST END AVE & 17TH AVE S WB,36.153941,-86.794329
WES17AEN,WEST END AVE & 17TH AVE S EB,36.153658,-86.794441
WES20AWN,WEST END AVE & 20TH AVE S WB,36.151548,-86.79923
WES20AEN,WEST END AVE & 20TH AVE S EB,36.151248,-86.799394
WES21AWN,WEST END AVE & 21ST AVE S WB,36.150628,-86.801112
WES21AEN,WEST END AVE & 21ST AVE S EB,36.150192,-86.801522
WES23AWN,WEST END AVE & 23RD AVE S WB,36.149007,-86.804449
WES24AEN,WEST END AVE & 24TH AVE S EB,36.147952,-86.806152
WES25AWN,WEST END AVE & 25TH AVE S WB,36.147202,-86.808104
WES27AWN,WEST END AVE & 27TH AVE S WB,36.145648,-86.811401
WES28AEM,WEST END AVE & 28TH AVE S EB,36.145346,-86.811538
WES31AEM,WEST END AVE & 31ST AVE S EB,36.143233,-86.814581
WES31AWN,WEST END AVE & 31ST AVE N WB,36.14304,-86.815175
WESACKEN,WEST END AVE & ACKLEN PARK DR EB,36.140666,-86.817509
WESACKWN,WEST END AVE & ACKLEN PARK DR WB,36.141069,-86.817404
WESBOWWN,WEST END AVE & BOWLING AVE WB,36.134804,-86.824957
WESELMEN,WEST END AVE & ELMINGTON AVE EB,36.13499,-86.823993
HARWODEN,HARDING PIKE & WOODMONT BLVD,36.123799,-86.84909
HARKENEF,HARDING PIKE & KENNER AVE EB,36.125943,-86.84608
WESLEOEN,WEST END AVE  & LEONARD AVE EB,36.132893,-86.829728
WES440EM,WEST END AVE & I-440 RAMP EB,36.138301,-86.820055
WES440WN,WEST END AVE & I-440 RAMP WB,36.138604,-86.820053
WESWILEN,WEST END & WILSON BLVD EB,36.131239,-86.834654
WESWILWM,WEST END AVE & WILSON BLVD WB,36.131505,-86.834269
HARWOOEN,HARDING PIKE & WOODLAWN DR EB,36.127376,-86.844011
WHALAFSF,WHARF AVE AND LAFAYETTE ST SB,36.148211,-86.762682
WHIBURNN,WHITE BRIDGE PIKE & BURGESS AVE NB,36.144663,-86.857809
WHICHASF,WHITE BRIDGE PIKE & CHARLOTTE SHONE,36.149179,-86.858044
WHICORNN,WHITE BRIDGE PIKE & CORBETT LN NB,36.143085,-86.857569
WHICORSF,WHITE BRIDGE PIKE & CORBETT LN SB,36.143101,-86.8578
WHIFRANN,WHITES CREEK PIKE & FRANCIS ST NB,36.213771,-86.799842
WHIKNONF,WHITE BRIDGE PIKE & KNOB RD NB,36.13828,-86.857519
WHIKNOSN,WHITE BRIDGE PIKE & KNOB DR SB,36.137973,-86.857829
WHIMALSF,WHITES CREEK PIKE & MALTA DR SB,36.216458,-86.802178
WHIMOONN,WHITES CREEK PIKE & MOORMANS ARM RD,36.21818,-86.803446
WHIMOOSN,WHITES CREEK PIKE  MOORMAN'S ARM RD,36.218387,-86.803708
WHIVINSF,WHITE BRIDGE PIKE & VINE RIDGE DR SB,36.133241,-86.858142
WHIPOSNN,WHITE BRIDGE PIKE & POST RD NB,36.127999,-86.851772
WHIPOSSN,WHITE BRIDGE PIKE & POST RD SB,36.128043,-86.852227
WHIREVNF,WHITES CREEK PIKE & REVELS DR NB,36.22152,-86.804949
WHITONSN,WHITES CREEK PIKE & TONEY RD SB,36.208433,-86.793774
WHIVINNN,WHITE BRIDGE PIKE & VINERIDGE DR NB,36.133821,-86.858048
WHILUZNF,WHITES CREEK PIKE & LUZON ST NB,36.210243,-86.796294
WHIAVASN,WHITES CREEK PIKE & AVALON DR SB,36.212314,-86.798685
WHIWNSF,WHITES CREEK PIKE & W NOCTURNE DR SB,36.211304,-86.797421
WHIWTRSN,WHITES CREEK PIKE & W TRINITY LN SB,36.207264,-86.791943
WOO1SWM,WOODLAND ST & S 1ST ST WB,36.169304,-86.771686
WOON1SEN,WOODLAND ST & S 1ST ST EB,36.168895,-86.772367
WOO5SEN,WOODLAND ST & S 5TH ST EB,36.171733,-86.764915
CHALELEM,CHARLOTTE PIKE & LELLYETT ST EB,36.148932,-86.863642
SHABELWN,SHACKLEFORD RD & BELMONT BLVD WB,36.101328,-86.801922
MEIGS,MEIGS MAGNET SCHOOL,36.176017,-86.760399
HEAD,HEAD MIDDLE SCHOOL,36.158034,-86.804426
HBHS,HILLSBORO TRANSIT CENTER,36.107575,-86.812719
EDGHILEN,EDGEHILL AVE & HILLSIDE AVE EB,36.141894,-86.781221
WALMARTC,WALMART,36.132167,-86.906837
MLK,MARTIN LUTHER KING SCHOOL,36.161272,-86.800248
MADTOWE,MADISON TOWERS,36.267491,-86.699097
ELMACONN,ELM HILL PIKE & ACORN DR NB,36.150156,-86.700202
BNA,NASHVILLE INTERNATIONAL AIRPORT,36.130815,-86.666128
CHEMARWM,CHESTNUT ST & MARTIN ST WB,36.14307,-86.770883
BRACRASN,BRANSFORD AVE & CRAIGHEAD ST SB,36.126148,-86.766278
BORHOSP,METRO BORDEAUX HOSPITAL,36.181248,-86.847705
SKYLINE,SKYLINE MEDICAL CENTER WB,36.244647,-86.749565
MTA,METROPOLITAN TRANSIT AUTHORITY,36.157604,-86.756053
OCANOLEN,OCALA DR & NOLENSVILLE PIKE EB,36.051442,-86.714537
TRIHAWM,TRINITY LN & HAMPTON ST WB,36.20684,-86.78005
OLDSIL,OLD MATTHEWS RD & SILAS DR NB,36.216539,-86.789405
EWICLAEN,EWING DR & CLAYMILLE BLVD EB,36.231823,-86.801777
EWIVISEN,EWING DR & VISTA LN EB,36.23144,-86.795793
TRIHAMEN,W TRINITY LN & HAMPTON ST EB,36.20662,-86.77985
BRIWEASN,BRICK CHURCH PIKE & WEAKLEY AVE SB,36.198242,-86.77699
ARTS,ARTS MAGNET SCHOOL,36.131395,-86.7404
NOLBASSN,NOLENSVILLE PIKE & BASS AVE SB,36.071087,-86.72347
GALWMRT,WALMART GALLATIN PIKE,36.307973,-86.685963
GALPETNN,GALLATIN AVE & PETWAY AVE NB,36.186484,-86.747091
GALWILNN,GALLATIN PIKE & WILEY ST NB,36.269054,-86.710519
GALNESSN,N GALLATIN PIKE & NESBITT LN SB,36.273031,-86.710283
GALPETSN,GALLATIN AVE & PETWAY AVE,36.186758,-86.747165
MAIMCFWN,MAIN ST & MCFERRIN AVE WB,36.176783,-86.755336
LAF5AEN,GREYHOUND STATION - LAFAYETTE ST & 5TH AVE S,36.152481,-86.773315
MURTOWEF,MURFREESBORO PIKE & TOWN PARK DR EB,36.102724,-86.665866
LAF5AWN,LAFAYETTE ST & 5TH AVE S WB,36.152481,-86.773181
CHA51AWN,CHARLOTTE AVE & 51ST AVE N WB,36.152073,-86.84835
CXO53AVE,53RD AVE STATION OUTBOUND,36.151556,-86.852472
CXONVLWS,NASHVILLE WEST STATION OUTBOUND,36.134638,-86.888654
CXIANNEX,ANNEX STATION INBOUND,36.138535,-86.88113
UNI7AEN,UNION ST & 7TH AVE N EB,36.163262,-86.783872
6AVDEANN,6TH AVE N & DEADERICK ST NB,36.16466,-86.782651
THOMUREF,THOMPSON PL & MURFREESBORO PK EB,36.126849,-86.710072
THOPATEF,THOMPSON PL & PATRICIA DR EB,36.127139,-86.706915
THOCATEN,THOMPSON PL & CATINA DR EB,36.127213,-86.704016
THOGOOEN,THOMPSON PL & GOODBAR DR EB,36.12719,-86.700762
NXOOAKST,OAK STATION OUTBOUND,36.148469,-86.769085
NXORAINS,RAINS STATION OUTBOUND,36.140507,-86.763861
NXOMORTN,MORTON STATION OUTBOUND,36.106158,-86.742904
NXOVERTS,VERITAS STATION OUTBOUND,36.098019,-86.738758
NOLBRESN,NOLENSVILLE  PK & BREWER DR,36.053735,-86.715196
NXIMORTN,MORTON STATION INBOUND,36.106591,-86.742863
NXIJOYNR,JOYNER STATION INBOUND,36.116385,-86.747836
WALWILEF,WALLACE RD & WILLARD DR EB,36.079939,-86.703564
WALLINWF,WALLACE RD & LINBAR DR WB,36.081379,-86.702372
LINWALEN,LINBAR DR & WALLACE RD,36.083418,-86.704722
CXO17AVE,17TH AVE STATION OUTBOUND,36.158972,-86.798028
CLASHASN,CLARKSVILLE PIKE & S HAMILTON RD SB,36.193698,-86.831449
COUDOANN,COUNTY HOSPITAL RD & DOAK AVE NB,36.191285,-86.835779
COUDOAWM,COUNTY HOSPITAL RD & DOAK AVE WB,36.192437,-86.834602
CAMCOUNN,CAMILLA CALDWELL LN & COUNTY HOSPIT,36.182529,-86.847711
COUHOSEN,COUNTY HOSPITAL RD & HOSPITAL LN EB,36.182501,-86.84584
COUHYDNN,COUNTY HOSPITAL RD & HYDES FERRY RD NB,36.189409,-86.83773
JOHASHEN,JOHN MALLETTE DR & ASHTON AVE EB,36.194535,-86.837139
CLA24AEN,CLARKSVILLE PIKE & 24TH AVE N EB,36.184729,-86.815769
BUC22AEN,BUCHANAN ST & 22ND AVE N EB,36.180139,-86.813724
BUC16AEN,BUCHANAN ST & 16TH AVE N EB,36.179972,-86.809573
8AHARNN,8TH AVE N & HARRISON ST NB,36.168536,-86.788255
BUCDBTWN,BUCHANAN ST & DR D B TODD JR BLVD WB,36.180123,-86.810917
HAMHYDWN,S HAMILTON RD & N HYDES FERRY RD WB,36.192831,-86.832144
JOHASHWF,JOHN MALLETTE DR & ASHTON AVE WB,36.194509,-86.836841
CLAABESN,CLARKSVILLE PIKE & ABERNATHY RD SB,36.203239,-86.840636
HARDAVWF,HARDING PIKE & DAVIDSON RD WB,36.114773,-86.861586
H70VOSWN,HIGHWAY 70 S & VOSSLAND DR WB,36.096467,-86.877528
H70BROSN,HWY 70 S & BROOK HOLLOW RD WB,36.094568,-86.881598
H70VAUWN,HWY 70 S & VAUGHNS GAP RD WB,36.092753,-86.885343
H70PERWN,HWY 70S & PERCY WARNER BLVD WB,36.084946,-86.89458
H70CHIWN,HWY 70 S & CHIMNEY HILL WB,36.076287,-86.915851
TODBELEN,TODD PRIES DR & BELLEVUE RD EB,36.068821,-86.941555
H70CAREF,HWY 70 S & CARNAVON PKWY EB,36.08968,-86.890848
H70VAUEN,HWY 70 S & VAUGHN'S GAP RD EB,36.092459,-86.885503
H70BROE,HWY 70 S & BROOK HOLLOW RD EB,36.09421,-86.881912
H70PEREN,HWY 70 S & PERCY WARNER BLVD EB,36.096224,-86.877722
HARCLAEN,HARDING PIKE & CLAREDON AVE EB,36.114288,-86.861833
LEBDISEF,LEBANON PIKE & DISPAYNE DR EB,36.172506,-86.649527
LEBMEDEF,LEBANON PIKE & MEDICAL DR EB,36.176823,-86.645222
8AVDOUSF,8TH AVE & DOUGLAS AVE SB,36.131361,-86.778931
FRACRASF,FRANKLIN PK & CRAIGHEAD ST SB,36.125798,-86.777029
GRAEXCSM,GRANNY WHITE PK & EXCELLA PL MB,36.107131,-86.794446
8ACHENN,8TH AVE S & CHESTNUT ST NB,36.141543,-86.778565
8ADRENN,8TH AVE S & DREXELL ST NB,36.152723,-86.779259
BRIRICNN,BRICK CHURCH PIKE & RICHMOND HILL D,36.235746,-86.781093
DICLORSN,DICKERSON PK & LORRAINE AVE SB,36.217766,-86.763171
DICROCSF,DICKERSON PIKE & ROCK ST SB,36.213706,-86.764598
DICDONSN,DICKERSON PK & DONALD ST SB,36.211723,-86.765295
DICWESNF,DICKERSON PIKE & WESTCHESTER DR N,36.263815,-86.757127
21SBLASF,21ST AVE S & BLAIR SB,36.129996,-86.802285
21AACKNN,21ST AVE S & ACKLEN AVE NB,36.135578,-86.800924
FAT17SWN,FATHERLAND & S 17TH ST,36.173188,-86.739761
FAT16SWN,FATHERLAND ST & S 16TH ST NB,36.173453,-86.742328
16SWOONN,16TH ST & WOODLAND ST NB,36.176802,-86.741874
N16ORDNN,N 16TH ST & ORDWAY PL NB,36.179699,-86.741437
PORFRANM,PORTER RD & FRANKLIN AVE NB,36.183464,-86.732503
PORMCKNN,PORTER RD & MCKENNEL DR NB,36.192917,-86.726639
16SSTRSN,N 16TH ST & STRATTON AVE SB,36.182324,-86.741177
16SORDSN,N 16TH ST & ORDWAY PL SB,36.179851,-86.741537
16SWOOSN,16TH ST & WOODLAND ST SB,36.177012,-86.741988
16SFATSN,16TH ST & FATHERLAND ST SB,36.173512,-86.742468
JEF17TWN,JEFFERSON ST & 17TH AVE N WB,36.170035,-86.804589
33AALANN,33RD AVE N & ALAMEDA ST NB,36.164685,-86.826313
JEF14AEN,JEFFERSON ST & 14TH AVE N EB,36.170665,-86.801738
HER12AWN,HERMAN ST & 12TH AVE N WB,36.167232,-86.796321
HER14AWN,HERMAN ST & 14TH AVE N WB,36.16641,-86.79825
HER17NWN,HERMAN ST & 17TH AVE N WB,36.164758,-86.802109
CLI33AW,CLIFTON AVE & 33RD AVE N WB,36.159145,-86.824989
CLI39AWN,CLIFTON AVE & 39TH AVE N WB,36.157723,-86.830237
CLI40_WN,CLIFTON AVE & 40TH AVE N WB,36.157159,-86.834129
40ACATNN,40TH AVE N & CATHERINE JOHNSON PKWY NB,36.158204,-86.834186
ALBALAEN,ALBION ST & ALAMEDA AVE EB,36.161813,-86.835546
ALA39ANN,ALAMEDA ST & 39TH AVE N,36.163543,-86.833819
39AJOHNN,39TH AVE N & JOHN L DRIVER BLVD NB,36.165606,-86.83418
TEN51AWM,TENNESSEE AVE & 51ST AVE N WB,36.161002,-86.849615
TEN55AWN,TENNESSEE AVE & 55TH AVE N WB,36.16084,-86.854201
TENMORWN,TENNESSEE AVE & MORROW RD WB,36.160713,-86.857962
WAL40AEN,WALTER S DAVIS BLVD & 40TH AVE N EB,36.164497,-86.838576
DRW39ANN,WALTER S DAVIS BLVD & 39TH AVE N NB,36.166025,-86.835021
39AJOHSN,39TH AVE N & JOHN DRIVER BLVD SB,36.165677,-86.834337
39AALASN,39TH AVE N & ALAMEDA ST SB,36.163749,-86.833864
CLI34AEN,CLIFTON AVE & 34TH AVE N EB,36.158492,-86.827075
CLI33AEN,CLIFTON AVE & 33RD AVE N EB,36.159029,-86.82509
32ABATNN,32ND AVE N & BATAVIA ST NB,36.160458,-86.824014
HER27AEN,HERMAN ST & 27TH AVE N EB,36.16183,-86.81791
12ADOUSN,12TH AVE S & S DOUGLAS AVE SB,36.130882,-86.788825
MERWILSN,MERIDIAN ST & WILBURN ST SB,36.186071,-86.768216
MERBERSN,MERIDIAN ST & BERRY ST SB,36.181242,-86.768992
SPR1SWN,SPRING ST & N 1ST ST WB,36.17701,-86.774366
REVROWEF,Revels Dr & Rowan Dr EB,36.222723,-86.809341
REVWHIEN,REVELS DR & WHITES CREEK PIKE EB,36.221021,-86.80554
BAPGOOSN,BAPTIST WORLD CENTER DR & GOOCH ST SB,36.205894,-86.790681
BAPSEMSN,BAPTIST WORLD CENTER & SEMINARY SB,36.20066,-86.786919
BAPWEASN,BAPTIST WORLD CENTER  DR & WEAKLEY AVE SB,36.196752,-86.782971
FERBRIWN,FERN AVE & BRICK CHURCH PK WB,36.195711,-86.776388
WHITONWN,WHITES CREEK PIKE & TONEY RD WB,36.208556,-86.793926
WHINOCWN,WHITES CREEK PIKE & E NOCTURNE DR NB,36.211336,-86.797259
ROWCARWN,ROWAN DR & CARVATH DR WB,36.220705,-86.811294
10APONNN,10TH AVE N & PONDER PL NB,36.190265,-86.806063
EDG17AEN,EDGEHILL AVE & 17TH AVE S EB,36.143454,-86.794478
ROSGARSN,ROSA PARKS BLVD & GARFIELD ST SB,36.180745,-86.796586
21SWESSN,21ST AVE S & WEST END AVE SB,36.15081,-86.801524
LEBOLDSF,LEBANON PIKE & OLD HICKORY BLVD SB,36.197061,-86.621058
3AVMADNF,3RD AVE N & MADISON ST NB,36.176882,-86.785814
3AVTAYNN,3RD AVE N & TAYLOR ST NB,36.179259,-86.787365
3ACOFNN,3RD AVE N & COFFEE ST NB,36.186852,-86.793303
BULJONWN,BULLOCK AVE & JONES AVE,36.21566,-86.755942
JONJONS,JONES AVE & JONES CIR SB,36.208892,-86.757212
JONTRISN,JONES AVE & E TRINITY LN SB,36.205337,-86.757676
JONNORNN,JONES AVE & NORTON AVE NB,36.20725,-86.757426
JONJONF,JONES AVE & JONES CIR NB,36.208884,-86.757078
ELMHENWN,ELM HILL PIKE & HENEY DR WB,36.151357,-86.671109
ELMARWWF,ELM HILL PK & AIRWAYS CIR WB,36.152308,-86.681416
ELMMASEN,ELMHILL PK & MASSMAN DR EB,36.14472,-86.711248
ELMARWEF,ELM HILL PK & AIRWAYS CR EB,36.151926,-86.680505
FORFORSF,FOREST PARK & FOREST PARK APARTMENT,36.257763,-86.704105
NEETAHEN,NEELYS BEND RD & TAHLENA AVE EB,36.25148,-86.691662
NEECANEN,NEELYS BEND RD & CANTON PASS,36.242883,-86.676689
NEEFOREF,NEELYS BEND RD & FOREST PARK RD EB,36.25534,-86.703941
GALCONSF,GALLATIN PK & CONFERENCE DR SB,36.30231,-86.692728
NEERANEN,NEELYS BEND RD & RANDY RD EB,36.252256,-86.694108
BRIWORSN,BRIARVILLE RD & CREATIVE WAY SB,36.242637,-86.736663
51AILLNF,51ST AVE N & ILLINOIS AVE NB,36.15788,-86.848785
MORGEOSN,MORROW RD & GEORGIA AVE SB,36.155318,-86.8529
MORILLSN,MORROW RD & ILLINOIS AVE SB,36.157518,-86.853558
3AGARSF,3RD AVE N & GARFIELD ST SB,36.183033,-86.789923
8ASDIVNN,8TH AVE S & DIVISION ST NB,36.149624,-86.779058
BRO2AWN,BROADWAY AVE & 2ND AVE N WB,36.161991,-86.775075
HERPEAWN,HERMITAGE AVE & PEABODY ST WB,36.157392,-86.770331
HERPEAEN,HERMITAGE AVE & PEABODY ST EB,36.157514,-86.770794
WHIPIESN,WHITES CREEK PIKE & PIERPOINT DR SB,36.213948,-86.800167
BRIFERSN,BRICK CHURCH PIKE & FERN AVE SB,36.195857,-86.776757
BAPVASWN,BAPTIST WORLD CENTER DR & VASHTI ST WB,36.194859,-86.779706
BRKFERNN,BRICK CHURCH PIKE & FERN AVE NB,36.195512,-86.776677
WHIAVANN,WHITES CREEK PIKE & AVALON DR NB,36.212296,-86.798483
LEBDONWN,LEBANON PIKE & DONELSON PIKE WB,36.167648,-86.662889
21ASTASN,21ST AVE N & STATE ST SB,36.153391,-86.803474
21ACHUSF,21ST AVE N & CHURCH ST SB,36.152174,-86.802546
ROSEPARK,ROSE PARK MAGNET SCHOOL,36.142642,-86.780897
CXORICHL,46TH AVE/RICHLAND PARK STATION OUTBOUND,36.152278,-86.842056
N1SOLDNM,N 1ST ST & OLDHAM ST NB,36.175433,-86.77432
CHE4AEN,CHESTNUT ST & 4TH AVE  S EB,36.144846,-86.766756
CHE8AAEF,CHESTNUT ST & 8TH AVE S EB,36.141666,-86.778257
8AHARSN,8TH AVE N  & HARRISON ST SB,36.168626,-86.788446
HAR8AEN,HARRISON ST & 8TH AVE N EB,36.168492,-86.788412
12ADIVSF,12TH AVE S & DIVISION ST SB,36.150546,-86.784502
OAKBULNN,OAKWOOD AVE & BULLOCK AVE NB,36.215088,-86.753136
WHGRENN,WHITES CREEK PIKE & GREEN LN NB,36.235159,-86.816027
JAM7AVEN,JAMES ROBERTSON PKWY & 7TH AVE N,36.168118,-86.785833
8AVUNINN,8TH AVE N & UNION ST NB,36.162858,-86.784621
HER10AEN,HERMAN ST & 10TH AVE N EB,36.168599,-86.792855
ABBANEN,ABBOTT MARTIN RD & BANDYWOOD DR EB,36.106102,-86.816307
DRDCHASN,DR DB TODD JR BLVD & CHARLOTTE AVE SB,36.158142,-86.800279
HARMETEF,HARDING PL & METROPLEX DR EB,36.086689,-86.69518
JAM5AEN,JAMES ROBERTSON PKWY & 5TH AVE N EB,36.16867,-86.78388
OLDI40NN,OLD HICKORY BLVD & I-40 NB,36.108089,-86.922289
CLA23AEN,CLARKSVILLE PIKE & 23RD AVE N EB,36.18414,-86.814736
KINMEAEN,KINGS LN & MEADOW HILL DR EB,36.220147,-86.825067
MCSMJ,MT. JULIET STATION,36.199384,-86.517
MCSMS,MARTHA STATION,36.228922,-86.425777
MCSLB,LEBANON STATION,36.212085,-86.29724
MCSRVRF,RIVERFRONT STATION,36.161803,-86.773763
MCSDONEL,DONELSON STATION,36.167003,-86.666539
MCSHERM,HERMITAGE STATION,36.190234,-86.605609
LEBANDEN,LEBANON PIKE & ANDREW JACKSON PKWY,36.215056,-86.598446
SMYPNR,SMYRNA STARS & STRIKES PARK AND RIDE,35.993176,-86.526609
MTSU,M.T.S.U. CAMPUS PARKING LOT,35.850837,-86.370751
ANDTYLNF,ANDREW JACKSON PKWY & TYLER DR NB,36.19749,-86.60845
ANDRACNN,ANDREW JACKSON PKWY & RACHEL DONELSON PASS NB,36.200297,-86.607804
ANDRVWNN,ANDREW JACKSON PKWY & RACHELS VIEW NB,36.203505,-86.606656
ANDHIGNN,ANDREW JACKSON PKWY & HIGHLAND VIEW DR NB,36.206709,-86.605582
ANDALBSF,ANDREW JACKSON PKWY & ALBANY DR SB,36.210368,-86.600719
ANDHIGSN,ANDREW JACKSON PKWY & HIGHLAND VIEW DR SB,36.20704,-86.605671
ANDRVISF,ANDREW JACKSON & RACHELS VIEW SB,36.203518,-86.606854
ANDTYLSN,ANDREW JACKSON PKWY & TYLER DR SB,36.197588,-86.608678
12ACARNN,12TH AVE S & CARUTHERS AVE NB,36.125676,-86.789251
MCGSTRWN,MCGAVOCK PIKE & STRATFORD AVE WB,36.208029,-86.716987
PREWILNN,PREMIER DR & WILCLAY DR NB,36.144455,-86.880236
21ASCASM,21ST AVE S & SCARRITT PL SB,36.145382,-86.799742
CXICENTE,23RD AVE / CENTENNIAL STATION INBOUND,36.155778,-86.80925
21WE,21ST AVE PAST WEST END AVE SB,36.148963,-86.800132
BAUBELWF,BAUGH RD & BELLVUE RD WB,36.068963,-86.941707
NXOJOYNR,JOYNER STATION OUTBOUND,36.116571,-86.748178
LINWALWM,LINBAR DR & WALLACE RD WB,36.083421,-86.703471
NOLBASNF,NOLENSVILLE PIKE & BASS AVE NB,36.071618,-86.723594
NOLWOONF,WOODYCREST STATION INBOUND,36.13162,-86.756438
NXILAFYT,LAFAYETTE STATION INBOUND,36.150359,-86.76764
NOLMCMNN,NOLENSVILLE PIKE & MCMURRAY DR NB,36.061245,-86.716482
ANNPREEF,ANNEX AVE & PREMIER DR EB,36.140711,-86.882851
PORBRANM,PORTER RD & BRANCH ST NB,36.194256,-86.725595
PORRIVEN,PORTER RD & RIVERSIDE DR EB,36.195265,-86.724159
MCGSTRWM,MCGAVOCK PIKE & STRATFORD AVE WB,36.207101,-86.719288
SHE17SWN,SHELBY AVE & S 17TH ST WB,36.170314,-86.740096
SHE8SWN,SHELBY AVE & S 8TH ST WB,36.170085,-86.755978
5SFATNN,S 5TH ST & FATHERLAND ST NB,36.169807,-86.763406
CLAASHSN,CLARKSVILLE PIKE & ASHLAND CITY HWY SB,36.197941,-86.837791
CLAMANSF,CLARKSVILLE PIKE & MANCHESTER AVE S,36.195143,-86.833784
KINCLAW,KINGS LN & CLARKSVILLE PK WB,36.218661,-86.83646
CRECRESN,CREEKWOOD & CREEKLAND CT SB,36.216897,-86.846225
CRECRWSN,CREEKWOOD & CREEKWAY CT SB,36.21387,-86.845942
TIMFAISN,TIMOTHY DR & FAIRVIEW DR SB,36.212166,-86.844784
17AJACNN,17TH AVE N & JACKSON ST NB,36.166445,-86.803208
44AALBNM,44TH AVE N & ALBION ST NB,36.162353,-86.840033
ALBALAWM,ALBION ST & ALAMEDA AVE WB,36.161785,-86.835907
CLIINDEN,CLIFTON AVE & INDIANA AVE EB,36.157777,-86.829643
HER16AEN,HERMAN ST & 16TH AVE N EB,36.165374,-86.800325
JEF21AEN,JEFFERSON ST & 21ST AVE N EB,36.169007,-86.809693
LISVERNN,LISCHEY AVE & VERNON WINFREY AVE NB,36.188429,-86.764075
JONDELSM,JONES AVE & DELLWAY DR SB,36.212017,-86.756818
LISRICSM,LISCHEY AVE & RICHARDSON AVE SB,36.191857,-86.763648
21AFAISN,21ST AVE S & FAIRFAX AVE SB,36.134265,-86.801283
12AASHSF,12TH AVE S & ASHWOOD AVE SB,36.128444,-86.789105
GRAKIRSN,GRANNY WHITE PIKE & KIRKWOOD AVE SB,36.120943,-86.790663
DEM10AEM,DEMONBREUN ST & 10TH AVE S,36.156152,-86.782377
THOEUGEN,THOMPSON LN & EUGENIA AVE EB,36.110999,-86.754673
CXINVLWS,NASHVILLE WEST STATION INBOUND,36.134441,-86.888456
LEBQUIEN,LEBANON PIKE & QUINN CR EB,36.159402,-86.703932
LEBLISWF,LEBANON PIKE & LISA LN  WB,36.159125,-86.704682
CLAWHASN,CLARKSVILLE PIKE & W. HAMILTON AVE SB,36.207831,-86.839921
DICOTRSN,DICKERSON PIKE & OLD TRINITY LN SB,36.206868,-86.768268
MTVCURSN,MT VIEW RD & CURTIS HOLLOW RD SB,36.051031,-86.651247
MCC4_23,CENTRAL 4TH AVE - BAY 23,36.16695,-86.78146
MCC4_21,CENTRAL 4TH AVE - BAY 21,36.16684,-86.78167
MCC4_19,CENTRAL 4TH AVE - BAY 19,36.16672,-86.78192
MCC4_13,CENTRAL 4TH AVE - BAY 13,36.16662,-86.78111
MCC4_24,CENTRAL 4TH AVE - BAY 24,36.16682,-86.78131
MCC4_22,CENTRAL 4TH AVE - BAY 22,36.16673,-86.7815
MCC4_20,CENTRAL 4TH AVE - BAY 20,36.1666,-86.78177
MCC4_18,CENTRAL 4TH AVE - BAY 18,36.16649,-86.78168
MCC4_14,CENTRAL 4TH AVE - BAY 14,36.1667,-86.78125
MCC5_6,CENTRAL 5TH AVE - BAY 6,36.16664,-86.78148
MCC5_1,CENTRAL 5TH AVE - BAY 1,36.16634,-86.78176
MCC5_8,CENTRAL 5TH AVE - BAY 8,36.166755,-86.781382
MCC5_5,CENTRAL 5TH AVE - BAY 5,36.16652,-86.78135
MCC5_2,CENTRAL 5TH AVE - BAY 2,36.16644,-86.7819
MCC5_7,CENTRAL 5TH AVE - BAY 7,36.166825,-86.781699
MCC5_11,CENTRAL 5TH AVE - BAY 11,36.166602,-86.782166
MCC5_9,CENTRAL 5TH AVE - BAY 9,36.166709,-86.781953
MCC5_12,CENTRAL 5TH AVE - BAY 12,36.166552,-86.781861
MCC5_10,CENTRAL 5TH AVE - BAY 10,36.166647,-86.781648
MCC5_4,CENTRAL 5TH AVE - BAY 4,36.16656,-86.78166
MURMARNN,MURFREESBORO PIKE & MARTWAY DR NB,36.078277,-86.642784
MURSUNEF,MURFREESBORO PIKE & SUNSET ST EB,36.017932,-86.568408
MURREBWF,MURFREESBORO PIKE & REBECCA WAY WB,36.018361,-86.568116
VILMOUEF,VILLAGE TRL & MOUND CT EB,36.246878,-86.775413
2ASTONF,2ND AVE & STOCKYARD BLVD NB,36.173053,-86.782071
2AVJUNNN,2ND AVE N & JUNIOR GILLIAM WAY NB,36.17435,-86.782921
2AGAYNM,2ND AVE & GAY ST NB,36.169688,-86.779909
LEBFAIWF,LEBANON PIKE & FAIRWAY WB,36.169031,-86.683471
6AVDEASN,6TH AVE & DEADERICK ST SB,36.16483,-86.782945
LAFEWIEN,LAFAYETTE ST & EWING AVE SB,36.15333,-86.775805
SOUPRENN,SOUTH PRECINCT NB,36.089014,-86.688105
HAREZEWF,HARDING PL & EZELL PK WB,36.089125,-86.689419
HARANTWF,HARDING PL & ANTIOCH PK WB,36.087288,-86.692935
HARMETWN,HARDING PL & METROPLEX DR WB,36.086917,-86.695668
HARANTEN,HARDING PL & ANTIOCH PK EB,36.087226,-86.692475
HARLINEF,HARDING PL & LINBAR DR EB,36.084396,-86.704816
HARHUMEF,HARDING PL & HUMBER DR EB,36.081242,-86.714715
GRAMAPNF,GRANNYWHITE PIKE & MAPLEHURST AVE N,36.104763,-86.79612
GRAGRANN,GRANNY WHITE PIKE & GRANDVIEW DR NB,36.107568,-86.794045
KINTIMWN,KINGS LN & TIMOTHY DR WB,36.217683,-86.844656
1AVSHESN,1ST AVE & SHELBY PED BRIDGE SB,36.161491,-86.77392
WOON1SWF,WOODLAND ST & N 1ST ST WB,36.168965,-86.772827
CHAOLDSF,CHARLOTTE PIKE & OLD CHARLOTTE PIKE SB,36.132657,-86.893688
MONTVIEW,HWY 70 S & MONTVIEW CONDOS WB,36.079821,-86.903964
MCGFERNN,MCGAVOCK PIKE  & FERNBROOK LN NB,36.18565,-86.676164
MCGFERSF,MCGAVOCK PIKE & FERNBROOK LN SB,36.185686,-86.676287
GXO7AVEF,MAIN STREET STATION OUTBOUND,36.175601,-86.757931
GXI7AVEN,MAIN STREET STATION INBOUND,36.17582,-86.757864
GXOFIVEF,FIVE POINTS STATION OUTBOUND,36.179433,-86.750111
GXIFIVEN,FIVE POINTS STATION INBOUND,36.179753,-86.750216
GXOEASTF,EASTLAND STATION OUTBOUND,36.184134,-86.748065
GXIEASTN,EASTLAND STATION INBOUND,36.183487,-86.748559
GXODOUGN,DOUGLAS STATION OUTBOUND,36.193224,-86.743976
GXIDOUGN,DOUGLAS STATION INBOUND,36.192883,-86.744396
GXOGREEN,GREENFIELD STATION OUTBOUND,36.21007,-86.733544
GXIGREEF,GREENFIELD STATION INBOUND,36.210362,-86.733625
GXOINGLN,INGLEWOOD STATION OUTBOUND,36.225893,-86.725344
GXIEHILF,EAST HILL STATION INBOUND,36.203663,-86.738539
GXIINGF,INGLEWOOD STATION INBOUND,36.224016,-86.725718
GXOWALTF,WALTON STATION OUTBOUND,36.238619,-86.723813
GXIWALTF,WALTON STATION INBOUND,36.23806,-86.724213
GXODUEWF,DUE WEST STATION OUTBOUND,36.248649,-86.719778
GXOEDGEF,EDGEMEADE STATION OUTBOUND,36.279747,-86.708554
GXIEDGEN,EDGEMEADE STATION INBOUND,36.27989,-86.708677
GXOMYANN,MYATT STATION OUTBOUND,36.295411,-86.700358
GXIMYASF,MYATT STATION INBOUND,36.295703,-86.700551
GXORIVEN,RIVERGATE STATION OUTBOUND,36.300827,-86.694508
GXIRIVEF,RIVERGATE STATION INBOUND,36.30047,-86.69561
GXIDUESN,DUE WEST STATION INBOUND,36.24887,-86.719915
BRO12AEF,BROADWAY AVE & 12TH AVE EB,36.15665,-86.787086
HILLOMNF,HILLSBORO PIKE & LOMBARDY AVE NB,36.120879,-86.807759
HENKOHPR,HENDERSONVILLE KOHLS PARK AND RIDE,36.332904,-86.624374
MTAMCC,CENTRAL,36.166527,-86.781468
DOLL,NOLENSVILLE PIKE & HICKORYVIEW DR,36.048934,-86.713854
WHALAFNN,WHARF AVE AND LAFAYETTE ST NB,36.148524,-86.762423
5AVCHANN,5TH AVE & CHARLOTTE AVE NB,36.165679,-86.781727
7AVHARNN,7TH & HARRSION NB,36.16854,-86.786736
BRAWIRSF,BRANSFORD AVE & WEST IRIS DR SB,36.115572,-86.76656
GXOMADWG,MADISON STATION OUTBOUND,36.256502,-86.71411
GXIMADLB,MADISON STATION INBOUND,36.257412,-86.714068
ROWCROWN,ROWAN DR & CROUCH DR WB,36.219096,-86.817692
LEBCRAEN,LEBANON PIKE & CRAIGMEADE DR EB,36.167908,-86.691479
BRALIGSF,BRANSFORD AVE & LIGON DR SB,36.121755,-86.765561
4AMCCPLZ,4TH AVE & MCC PLAZA,36.167286,-86.781334
HAR5AEN,HARRISON ST & 5TH AVE EB,36.170108,-86.784722
12ALAUNN,12TH AVE & LAUREL ST NB,36.15358,-86.785484
BRAHEANF,BRANSFORD AVE & HEATHER PL NB,36.113067,-86.766875
POWPOWSN,POWELL AVE & POWELL PL SB,36.108423,-86.765856
ARDMcGSW,ARDEE AVE & MCGAVOCK PIKE SB,36.2104,-86.714225
CHTWRSSE,CHEYENNE BLVD SENIOR TOWERS,36.254719,-86.672748
OHRIOVSW,OLD HICKORY BLVD PAST RIO VISTA WB,36.262388,-86.680929
BAPHAYN,BAPTIST WORLD CENTER DR. & HAYNES MEADE CIR NB,36.202481,-86.788702
NEEHOWEN,NEELYS BEND RD & HOWSE AVE EB,36.253312,-86.698326
NEENEEEF,NEELYS BEND RD & NEELYS CHASE DR EB,36.254815,-86.702031
NEEJAPEF,NEELYS BEND RD & JASPERSON DR EB,36.247943,-86.682633
CHECHENN,CHEYENNE BLVD & CANTON PASS NB,36.249422,-86.669994
CHEMANNN,CHEYENNE BLVD & HIDDEN ACRES APTS NB,36.256277,-86.674733
SANLONNN,SANDHURST DR & LONDON BRIDGE RD NB,36.261064,-86.678101
OLDFARWN,OLD HICKORY BLVD & FARRIS AVE WB,36.262974,-86.687982
OLDMYAWN,E OLD HICKORY BLVD & MYATT DR WB,36.263139,-86.690288
OLD3AVWM,OLD HICKORY & 3RD AVE,36.262587,-86.708398
MYADUPNN,MYATT DR & N DUPONT AVE NB,36.266404,-86.689977
ARCANDNN,ARCHWOOD DR & ANDERSON LN NB,36.271947,-86.687387
DUPSEAWN,N DUPONT AVE & SEALEY DR WB,36.267823,-86.701859
DELSTRSN,DELAWARE AVE & SR 45 SB,36.26412,-86.704469
GALMAPSN,GALLATIN PIKE S & MAPLE ST SB,36.261326,-86.712671
DUPARCEN,N DUPONT AVE & ARCHWOOD DR EB,36.266161,-86.686945
ARCROONN,ARCHWOOD DR & ROOSEVELT AVE NB,36.268035,-86.685999
CXINGULC,11TH AVE / N GULCH STATION INBOUND,36.162375,-86.789787
OLD3AVEN,OLD HICKORY BLVD & 3RD AVE EB,36.262534,-86.707648
ANDMCAWN,ANDERSON LN & MCARTHUR DR WB,36.272253,-86.690438
OLD4AVWF,OLD HICKORYBLVD  & 4TH AVE EB,36.26279,-86.705695
MURKNIWF,MURFREESBORO PIKE & KNIGHT VALLEY DR WB,36.112996,-86.688761
SPFD1PNR,SPRINGFIELD DOWNTOWN PARK AND RIDE,36.507216,-86.886086
SPFD2PNR,SPRINGFIELD WALMART PARK AND RIDE,36.483692,-86.887631
JOELPNR,JOELTON PLAZA PARK AND RIDE,36.321196,-86.867084
3ACOFSF,3RD AVE N & COFFEE ST SB,36.186974,-86.793597
EDG12AEF,EDGEHILL AVE & 12TH AVE S EB,36.142653,-86.786636
31AWESSF,31ST AVE & WEST END AVE SB,36.141776,-86.815005
WED21AEF,WEDGEWOOD AVE & 21ST AVE EB,36.13746,-86.800216
DWMRT,DICKERSON RD WAL MART,36.244207,-86.760509
BRO10AEN,BROADWAY & 10TH AVE EB,36.157678,-86.78468
NOLWELSF,WALMART STATION OUTBOUND,36.082341,-86.727342
HERLINSN,HERMITAGE AVE & LINDSLEY AVE SB,36.154948,-86.76389
ELMACOEN,ELM HILL PIKE & ACORN DR EB,36.150256,-86.70008
31AWELEN,31ST AVE & WELLINGTON AVE EB,36.139709,-86.813339
31AWELWF,31ST AVE & WELLINGTON AVE WB,36.139736,-86.813305
31ANATEN,31ST AVE & NATCHEZ TRC EB,36.138647,-86.810871
BLA25AEN,BLAKEMORE AVE & 25TH AVE S EB,36.138211,-86.807159
BLA24AEN,BLAKEMORE AVE & 24TH AVE S EB,36.137997,-86.805062
BLA23AEN,BLAKEMORE AVE & 23RD AVE S EB,36.137809,-86.803167
WED18AWN,WEDGEWOOD AVE & 18TH AVE S WB,36.137212,-86.796865
WED21AWN,WEDGEWOOD AVE & 21ST AVE S WB,36.137605,-86.800191
BLA23AWN,BLAKEMORE AVE & 23RD AVE S WB,36.137872,-86.803089
BLA25AWN,BLAKEMORE AVE & 25TH AVE S WB,36.138273,-86.807058
BLANATWN,BLAKEMORE AVE & NATCHEZ TRC WB,36.138701,-86.810781
31AVANWF,31ST AVE & VANDERBILT PL WB,36.141531,-86.814575
BLA24AWF,BLAKEMORE AVE & 24TH AVE S WB,36.138104,-86.805545
SPRHLPNR,SPRING HILL KROGER PARK AND RIDE,35.7416,-86.892874
21ABROSF,21ST AVE & BROADWAY AVE SB,36.147948,-86.799364
EDGMAGEN,EDGEHILL AVE & MAGNOLIA CIR,36.143989,-86.799031
WED17AWN,WEDGEWOOD AVE & 17TH AVE WB,36.136825,-86.795508
DOVDICWF,DOVERSIDE DR & DICKERSON PIKE WB,36.24406,-86.757403
DICDOVSN,DICKERSON PIKE & DOVERSIDE DR SB,36.244199,-86.756731
OLDCE_SN,OLD HICKORY BLVD & CENTRAL PIKE  SB,36.173863,-86.602327
OLDCENNF,OLD HICKORY BLVD & CENTRAL PIKE NB,36.174008,-86.602076
NOLWELNN,WALMART STATION INBOUND,36.082032,-86.726914
HER16AWN,HERMAN ST & 16TH AVE N WB,36.165526,-86.800157
GARDELNN,GARFIELD ST & DELTA AVE  NB,36.179792,-86.798754
TEN50AWN,TENNESSEE AVE & 50TH AVE WB,36.161105,-86.847223
UNI2AEF,UNION ST & 2ND AVE EB,36.166036,-86.777419
BRIWORNF,BRIARVILLE RD & WORTH ST NB,36.243538,-86.736359
28ACHASF,28TH AVE & CHARLOTTE AVE SB,36.153539,-86.818245
28ACHANF,28TH AVE & CHARLOTTE AVE NB,36.154331,-86.818228
POWBRASF,POWELL AVE & BRANSFORD AVE SB,36.109932,-86.766778
MORBRISN,MOOREWOOD DR & BRICKMONT CT SB,36.246686,-86.773049
DBTWHESN,DR DB TODD BLVD & WHELESS ST SB,36.176207,-86.809511
DBTUNDSN,DR DB TODD BLVD & UNDERWOOD ST SB,36.173382,-86.808281
DBTJEFSN,DR DB TODD BLVD & JEFFERSON ST SB,36.169563,-86.806748
33AALBSN,33 RD AVE N & ALBION ST SB,36.163356,-86.826119
ALB30AEF,ALBION ST & 30TH AVE N EB,36.163872,-86.822059
28AHERSF,28TH AVE N & HERMAN ST SB,36.161347,-86.819241
28ACLISN,28TH AVE N & CLIFTON AVE SB,36.158825,-86.818629
31ALONSN,31ST AVE N & LONG BLVD SB,36.146548,-86.816414
31ABURNN,31ST AVE N & BURCH AVE NB,36.146209,-86.816324
28ATORNF,28TH AVE N & TORBETT ST NB,36.158245,-86.818531
28AHERNN,28TH AVE N & HERMAN ST NB,36.161575,-86.819214
ALB30AWN,ALBION ST & 30ST AVE N WB,36.16394,-86.822222
ALB33AWN,ALBION ST & 33RD AVE N WB,36.163323,-86.825945
DBTUNDNN,DR DB TODD BLVD & UNDERWOOD ST NB,36.173302,-86.808157
DBTWHENN,DR DB TODD BLVD & WHELESS ST NB,36.175891,-86.809247
DICMULNN,DICKERSON PIKE & MULBERRY DOWNS CIR,36.251065,-86.757218
HUNYOEWN,HUNTERS LN & YOEST DR WB,36.27798,-86.753355
MURSTOEN,MURFREESBORO PIKE & STONES RIVER RD,36.01921,-86.573521
MURVETEF,MURFREESBORO PIKE & VETERANS MEMORIAL EB,36.016241,-86.561595
NHIEBUSN,N HIGHLAND AVE & E BURTON ST SB,35.848414,-86.383297
MURVETWN,MURFREESBORO PIKE & VETERANS MEMORIAL WB,36.016652,-86.561482
28APARNN,28TH AVE & PARK PLZ NB,36.149914,-86.817829
28APARSF,28TH AVE & PARK PLZ SB,36.149861,-86.817851
26ADOWNN,26TH AVE & DOWLAN ST NB,36.188345,-86.818317
DOW25AEN,DOWLAN ST & 25TH AVE EB,36.188321,-86.816946
MXOMCCTR,CONVENTION CENTER STATION OUTBOUND,36.159257,-86.776124
MXOWHARF,WHARF STATION OUTBOUND,36.148839,-86.76271
MXOELMHI,ELM HILL STATION OUTBOUND,36.144475,-86.749604
MXOFOSTE,FOSTER STATION OUTBOUND,36.140994,-86.739126
MXOTHOMP,THOMPSON STATION OUTBOUND,36.128164,-86.713199
MXOGLENG,GLENGARRY STATION OUTBOUND,36.121149,-86.704215
MXODONEL,DONELSON/DELL STATION OUTBOUND,36.105615,-86.672004
MXONASHB,NASHBORO STATION OUTBOUND,36.088579,-86.649765
MXOBELL,BELL STATION OUTBOUND,36.07199,-86.636496
MXOZELID,ZELIDA STATION OUTBOUND,36.055201,-86.642465
MXOMTVIE,MOUNT VIEW STATION OUTBOUND,36.050724,-86.647404
MXIMTVIE,MOUNT VIEW STATION INBOUND,36.050198,-86.648198
MXIZELID,ZELIDA STATION INBOUND,36.055495,-86.642172
MXIBELL,BELL STATION INBOUND,36.072852,-86.636862
MXINASHB,NASHBORO STATION INBOUND,36.088298,-86.64938
MXIDONEL,DONELSON/DELL STATION INBOUND,36.106276,-86.672801
MXIGLENG,GLENGARRY STATION INBOUND,36.121215,-86.703814
MXITHOMP,THOMPSON STATION INBOUND,36.127172,-86.711441
MXIFOSTE,FOSTER STATION INBOUND,36.141554,-86.740261
MXIELMHI,ELM HILL STATION INBOUND,36.144938,-86.750456
MXIWHARF,WHARF STATION INBOUND,36.14886,-86.762226
MXOFULTN,FULTON STATION OUTBOUND,36.153405,-86.772328
PORGRESF,PORTER RD & GREENWOOD AVE SB,36.188328,-86.729427
MXOPLUSP,PLUS PARK STATION OUTBOUND,36.13434,-86.723268
MXIPLUSP,PLUS PARK STATION INBOUND,36.134477,-86.722961
LEBEASWN,LEBANON PIKE & EASTHAVEN TOWNHOMES SB,36.163373,-86.699707
LEBOMOWF,LEBANON PIKE & OMOHUNDRO DR WB,36.15688,-86.709648
HERDECEN,HERMITAGE AVE & DECATUR ST EB,36.153558,-86.753688
HERMIDWF,HERMITAGE AVE & MIDDLETON ST WB,36.156129,-86.767343
LEBOMHWN,LEBANON PIKE & OMOHUNDRO PL WB,36.154492,-86.739533
H70MONEF,HWY 70 & MONTVIEW CONDOS EB,36.079799,-86.903128
H70FORWN,HWY 70 & FOREST PARK APARTMENTS WB,36.077563,-86.91219
H70FOREM,HWY 70 & FOREST PARK APARTMENTS EB,36.077373,-86.912033
H70OLDWN,HWY 70 & OLD HICKORY BLVD WB,36.074995,-86.919547
SAWPLASM,SAWYER BROWN RD & PLANTATION CT SB,36.07497,-86.946076
TODSAWEF,TODD PREIS DR & SAWYER BROWN RD EB,36.07089,-86.946694
H70HILWN,HWY 70 & HILLMEAD APTS WB,36.080416,-86.901647
MCGGALWN,MCGAVOCK PIKE & GALLATIN PIKE WB,36.20502,-86.737148
KOR4AVWN,KOREAN VETS BLVD & 4TH AVE WB,36.157299,-86.774558
KOR6AVWN,KOREAN VETS BLVD & 6TH AVE WB,36.156039,-86.77717
RIVHANSF,RIVERSIDE DR & HANOVER RD SB,36.20271,-86.722726
RIVDORSN,RIVERSIDE DR & DORCHESTER AVE SB,36.198326,-86.723246
PORMCKSF,PORTER RD & MCKENNELL DR SB,36.193057,-86.72665
PORTILNF,PORTER RD & TILLMAN LN NB,36.18522,-86.731145
CHAOLDEN,CHARLOTTE PIKE & OLD CHARLOTTE PK EB,36.133043,-86.892247
PLSTVWPR,PLEASANT VIEW PARK AND RIDE,36.390575,-87.020703
VAIBRIEF,VAILVIEW DR & BRICKDALE LN EB,36.235422,-86.772989
DICALHNN,DICKERSON PIKE & ALHAMBRA CIR NB,36.219661,-86.762272
COUHOSWN,COUNTY HOSPITAL RD & HOSPITAL LN WB,36.1827,-86.845591
HAMRIVNM,HAMILTON RD S & RIVER DR NB,36.192671,-86.831987
HER12AEN,HERMAN ST & 12TH AVE N EB,36.167152,-86.796343
CAMCOUSF,CAMILLA CALDWELL LN & COUNTY HOSPITAL RD SB,36.182449,-86.847812
21AHERSN,21ST AVE & HERMOSA ST SB,36.163744,-86.808549
40APRENN,40TH AVE & PRESTON TAYLOR PL NB,36.160248,-86.835421
44AWALSM,44TH AVE & WALTER S DAVIS BLVD SB,36.162389,-86.840223
JON29AWF,JOHN A MERRITT BLVD & 29TH AVE WB,36.167968,-86.821943
CLAFAISF,CLARKSVILLE PIKE & FAIRVIEW DR SB,36.210576,-86.839218
23RBUCSN,23RD AVE & BUCHANAN ST SB,36.180613,-86.814645
ELMMASEM,ELM HILL PIKE & MASSMAN DR EB,36.144372,-86.714676
ELMELMEF,ELM HILL PIKE & ELM TREE DR EB,36.145528,-86.706175
ELMAIREN,ELM HILL PIKE & AIR LANE DR EB,36.150263,-86.698039
DONSHANM,DONELSON PIKE & SHACLETT DR NB,36.144049,-86.66659
ELMWANWM,ELM HILL PIKE & WANDA DR WB,36.150845,-86.69316
ELMAPPSF,ELM HILL PIKE & APPLETON DR SB,36.148937,-86.703446
ELMAIRWF,ELM HILL PIKE & AIR LANE DR WB,36.145617,-86.706264
ELMMASW_,ELM HILL PIKE & MASSMAN DR WB,36.144995,-86.710874
12ACARSF,12TH AVE & CARUTHERS AVE SB,36.125596,-86.789441
GRAKIRNN,GRANNY WHITE PIKE & KIRKWOOD AVE NB,36.120711,-86.790472
REVROWWN,REVELS DR & ROWAN DR WB,36.222813,-86.809262
ROWBONWN,ROWAN DR & BONTEMPS DR WB,36.219615,-86.815155
ROWBONEF,ROWAN DR & BONTEMPS DR EB,36.219552,-86.815121
LYTBOYNN,LYTLE DR & BOYD DR NB,36.222513,-86.827134
WHILUZSN,WHITES CREEK PIKE & LUZON ST SB,36.210386,-86.796541
BATMEASN,BAPTIST WORLD CENTER DR & MEADE DR SB,36.203289,-86.789279
FREVANSM,FRENCH LANDING DR & VANTAGE WAY SB,36.190425,-86.797514
MCGGLEWN,MCGAVOCK PIKE & GLENMEADE DR WB,36.204035,-86.726778
31AHEDSN,31ST AVE N AND HEDRICK ST SB,36.143655,-86.816301
31AHEDNF,31ST AVE N & HEDRICK ST NB,36.144012,-86.816447
EDG15AWN,EDGEHILL AVE & 15TH AVE S WB,36.14316,-86.790598
EDG10AEN,EDGEHILL AVE & 10TH AVE S EB,36.141838,-86.78351
WED19AWN,WEDGEWOOD AVE & 19TH AVE WB,36.137391,-86.798009
GREFAIN,GREEN ST & FAIRFIELD AVE NB,36.152666,-86.75629
LEBRIVEF,LEBANON PIKE & RIVERSTONE BLVD EB,36.170385,-86.653513
LEBRIVWN,LEBANON PIKE & RIVERSTONE BLVD SB,36.170671,-86.653457
DKWMPNR,DICKSON WALMART PARK AND RIDE,36.059972,-87.379122
CXI17AVE,17TH AVE STATION INBOUND,36.158667,-86.79825
11ACHASF,11TH AVE & CHARLOTTE AVE SB,36.161582,-86.790293
11ACHUSF,11TH AVE & CHURCH ST SB,36.159402,-86.788385
11APORSF,11TH AVE & PORTER ST SB,36.157903,-86.786781
11ADEMSF,11TH AVE & DEMONBREUN SB,36.155013,-86.785074
11ALAUSF,11TH AVE & LAUREL ST SB,36.153661,-86.784135
11ALAUNN,11TH AVE & LAUREL ST NB,36.154035,-86.784289
11ADEMNF,11TH AVE & DEMONBREUN NB,36.155189,-86.785031
11APORNN,11TH AVE & PORTER ST NB,36.157887,-86.786591
11ACHUNF,11TH AVE & CHURCH ST NB,36.159745,-86.788521
DRDJOJSN,DR DB TODD JR BLVD & JO JOHNSTON AV,36.160663,-86.802047
MURFEREF,MURFREESBORO PK & FERGUS RD,36.010319,-86.543967
MURFERWF,MURFREESBORO PIKE & FERGUS RD WB,36.011107,-86.54452
MURSTOWF,MURFREESBORO PIKE & STONES RIVER RD,36.019614,-86.573641
MURJACWF,MURFREESBORO PIKE & JACKSON SQ BLVD,36.020262,-86.576425
MURCITWN,MURFREESBORO PIKE & CITY HALL WB,36.021807,-86.581929
MURCITEN,MURFREESBORO PIKE & CITY HALL EB,36.021879,-86.582799
MURJACEN,MURFREESBORO PIKE & JACKSON SQ BLVD,36.020026,-86.576793
GALPNR,GALLATIN PARK AND RIDE,36.366956,-86.502848
OLDH70NF,OLD HICKORY BLVD & HWY 70S NB,36.075779,-86.920781
RECHAREN,RECOVERY RD & HARDING PL EB,36.080245,-86.717891
HARTAMEN,HARDING PL & TAMPA DR EB,36.082531,-86.710672
HAREZEEN,HARDING PL & EZELL PK EB,36.08944,-86.688593
WALWILWF,WALLACE RD & WILLARD DR WB,36.079863,-86.703793
WALTURWN,WALLACE RD & TURLEY DR WB,36.079101,-86.708119
EZECONWN,EZELL PIKE CONVENIENCE CTR WB,36.086817,-86.686874
NOLTAYSN,NOLENSVILLE PK & TAYLOR RD SB,36.069885,-86.721628
GREKNIEN,GREEN LN & KNIGHT DR EB,36.236671,-86.803279
PORPREWF,PORTER RD & PRESTON DR WB,36.19602,-86.717558
RURCORNN,RURAL AVE AND CORBETT LN (BIG PICTURE H.S.),36.142901,-86.856027
CLKE11PR,CLARKSVILLE EXIT 11 PARK AND RIDE,36.525005,-87.217205
BILTAPTS,BILTMORE APARTMENTS AT GLASTONBURY & MASSMAN,36.133289,-86.701186
THOMUREN,E THOMPSON & MURFREESBORO EB,36.126231,-86.711711
THOMURWF,E THOMPSON & MURFREESBORO WB,36.126515,-86.711739
COLEMAN,COLEMAN RECREATION CENTER,36.11191,-86.743385
THOSEAEF,THOMPSON LN & SEABOARD DR EB,36.111093,-86.74961
THOGRAEF,THOMPSON LN & GRANDVIEW EB,36.110896,-86.746532
THOSIMEF,THOMPSON LN & SIMMONS EB,36.110422,-86.740431
THOSTEEF,THOMPSON LN & ST EDWARDS DR EB,36.110185,-86.738175
THOWINEN,THOMPSON LN & WINGATE AVE EB,36.10985,-86.734791
THOSELEN,THOMPSON LN & SELENA DR EB,36.109606,-86.732269
ETHGLENF,E THOMPSON LN & GLENROSE NB,36.115479,-86.719325
ETHOLDNN,E THOMPSON LN & OLD GLENROSE NB,36.117135,-86.719031
ETHCURNF,E THOMPSON LN & CURREY RD NB,36.119019,-86.718415
ETHLAWNF,E THOMPSON LN & LAWNDALE NB,36.122521,-86.71746
ETHBRONN,E THOMPSON LN & BROWNING RD NB,36.120544,-86.717951
ETHWIMEN,E THOMPSON LN & WIMPOLE EB,36.124468,-86.715127
MASKIPNF,MASSMAN DR & KIPLING DR NB,36.130649,-86.700083
MASKIPNM,MASSMAN DR & KIPLING DR NB,36.13214,-86.700675
MASGLANF,MASSMAN DR & GLASTONBURY DR NB,36.133947,-86.702625
MASPATNN,MASSMAN DR & PATRICIA DR NB,36.134916,-86.704613
PATKARNN,PATRICIA DR & KAREN DR NB,36.138973,-86.70577
KARBRIEN,KAREN DR & BRILEY PKWY EB,36.139535,-86.700785
GLABRIWF,GLASTONBURY RD & BRILEY PKWY WB,36.136966,-86.700464
GLABRIWM,GLASTONBURY RD & BRILEY PKWY WB,36.135986,-86.7016
POWTHONN,POWELL AVE & THOMPSON LN NB,36.110613,-86.766894
GLAMASSN,GLASTONBURY RD & MASSMAN DR SB,36.133808,-86.702296
MASGLASM,MASSMAN DR & GLASTONBURY RD SB,36.131742,-86.700506
GOOKIPSF,GOODBAR DR & KIPLING DR SB,36.130048,-86.700261
GOOTHOSN,GOODBAR DR & THOMPSON PL SB,36.12736,-86.700639
THOCATWN,THOMPSON PL & CATINA DR WB,36.127309,-86.703813
THOPATWN,THOMPSON PL & PATRICIA DR WB,36.127233,-86.70706
THOMURWN,THOMPSON PL & MURFREESBORO PK WB,36.12692,-86.710293
ETHWIMWN,E THOMPSON LN & WIMPOLE WB,36.124904,-86.71473
ETHLAWSF,E THOMPSON LN & LAWNDALE DR SB,36.121929,-86.717859
ETHBROSF,E THOMPSON LN & BROWNING RD SB,36.120599,-86.718195
ETHWIMSF,E THOMPSON LN & WIMPOLE DR SB,36.118399,-86.718843
ETHOLDSF,E THOMPSON LN & OLD GLENROSE SB,36.117036,-86.719289
ETHGLESF,E THOMPSON LN & GLENROSE SB,36.114457,-86.719833
THOSELWN,THOMPSON LN & SELENA DR WB,36.109838,-86.731716
THOWINWF,THOMPSON LN & WINGATE AVE WB,36.110077,-86.73481
THOSTEWN,THOMPSON LN & ST EDWARDS WB,36.110359,-86.73749
THOSIMWN,THOMPSON LN & SIMMONS AVE WB,36.110649,-86.740541
THOGRAWN,THOMPSON LN & GRANDVIEW WB,36.111126,-86.746656
THOLANWF,THOMPSON LN & LANDERS AVE WB,36.111313,-86.749256
THOEUGWN,THOMPSON LN & EUGENIA AVE WB,36.111186,-86.754258
THOKRAWN,THOMPSON LN & KRAFT DR WB,36.111538,-86.757605
THOEIRWN,THOMPSON LN & E IRIS DR WB,36.11203,-86.762728
THOBRAWM,THOMPSON LN & BRANSFORD DR WB,36.112227,-86.764816
GLASOUWN,GLASTONBURY AND SOUTHWOOD WB,36.135296,-86.701995
MOR57ASN,MORROW RD & 57TH AVE N SB,36.160003,-86.857182
MORALASM,MORROW RD & ALABAMA AVE SB,36.152446,-86.852286
51AGEONF,51ST AVE N & GEORGIA AVE NB,36.155586,-86.848664
AGEXPOPR,WILLIAMSON CO AG EXPO PARK AND RIDE,35.861601,-86.826882
28ACITNN,28TH AVE N & CITY BLVD NB,36.152325,-86.818473
DELCUMSN,DELAWARE AVE & CUMBERLAND AVE SB,36.267283,-86.703557
MCSHAM,HAMILTON SPRINGS STATION,36.234559,-86.367777
FRAKIRNN,FRANKLIN PIKE & KIRKWOOD AVE NB,36.12109,-86.77526
FRABERSN,FRANKLIN PK & BERRY RD SB,36.119076,-86.774785
FRABERNF,FRANKLIN PK & BERRY RD NB,36.119425,-86.774642
FRATHOSN,FRANKLIN PK & THOMPSON LN SB,36.111314,-86.773528
OLDWOOSF,OLD HICKORY BLVD & WOODBURY FALLS D,36.087678,-86.920852
LISEDWSN,LISCHEY AVE & EDWIN ST SB,36.204415,-86.761388
LISEDISN,LISCHEY AVE & EDITH AVE SB,36.202232,-86.761792
LISGATSF,LISCHEY AVE & GATEWOOD AVE SB,36.198892,-86.762388
LISMARSF,LISCHEY AVE & MARIE ST SB,36.196073,-86.762889
LISGATNN,LISCHEY AVE & GATEWOOD AVE NB,36.199077,-86.762262
RIVPORSN,RIVERSIDE DR & PORTER RD SB,36.195518,-86.723559
WED15AEF,WEDGEWOOD AVE & 15TH AVE S EB,36.135904,-86.791639
WED15AWF,WEDGEWOOD AVE & 15TH AVE S WB,36.136129,-86.792241
WED12AEF,WEDGEWOOD AVE & 12TH AVE S EB,36.136059,-86.78829
WED12AWN,WEDGEWOOD AVE & 12TH AVE S WB,36.136225,-86.788401
WEDHILEF,WEDGEWOOD AVE & HILLSIDE AVE EB,36.134648,-86.783631
WEDHILWF,WEDGEWOOD AVE & HILLSIDE AVE WB,36.134879,-86.784337
WED8AVEN,WEDEWOOD AVE & 8TH AVE S EB,36.134158,-86.779306
WED8AVWN,WEDGEWOOD AVE & 8TH AVE S WB,36.134333,-86.778933
WEDMARWN,WEDGEWOOD AVE & MARTIN ST WB,36.133499,-86.770303
LISDOUSN,LISCHEY AVE & DOUGLAS AVE SB,36.193722,-86.76329
JONTRINF,JONES AVE & TRINITY LN NB,36.205552,-86.75752
21AMURSN,21ST AVE N & MURPHY AVE SB,36.155394,-86.804953
CHA20AEF,CHARLOTTE AVE & 20TH AVE EB,36.15712,-86.803218
CHA20AWN,CHARLOTTE AVE & 20TH AVE WB,36.157269,-86.80345
NEELAREF,NEELYS BEND RD & LARKIN SPRINGS RD EB,36.249416,-86.686334
CHEMANNF,CHEYENNE BLVD & MANZANO RD NB,36.257698,-86.677769
CHEWARNF,CHEYENNE BLVD & WARRIOR RD NB,36.259274,-86.678827
OLDLARWF,E OLD HICKORY BLVD & LARKIN SPRINGS,36.262692,-86.684728
GALCARNF,GALLATIN PK & CAROLYN AVE NB,36.197274,-86.741814
GALCARSN,GALLATIN PK & CAROLYN AVE SB,36.197152,-86.742074
GALOLDNM,GALLATIN PIKE & OLD HICKORY NB,36.264336,-86.711352
GALLOVSN,GALLATIN PIKE & LOVELL ST SB,36.268494,-86.710836
GALBROSF,GALLATIN PIKE & BROADMOOR SB,36.228388,-86.725347
CLECRESM,CLEGHORN AVE & CRESTMOOR RD SB,36.108103,-86.818967
FAIGRESN,FAIRFIELD AVE & GREEN ST SB,36.152845,-86.75644
JEF21AWN,JEFFERSON ST & 21ST AVE N WB,36.169146,-86.809428
CHA33AWF,CHARLOTTE AVE & 33RD AVE WB,36.152929,-86.824502
HERFAIWF,HERMITAGE AVE & FAIRFIELD AVE WB,36.154046,-86.756457
HERFAIEF,HERMITAGE AVE & FAIRFIELD AVE EB,36.153711,-86.755372
MURALUEF,MURFREESBORO PIKE & ALUMNI DR EB,36.145551,-86.752862
BELHICNM,BELL RD & HICKORY HIGHLANDS NB,36.061918,-86.638152
FRAKIRSF,FRANKLIN PIKE & KIRKWOOD AVE SB,36.121084,-86.775465
DBTJEFNF,DR DB TODD JR BLVD & JEFFERSON ST N,36.169891,-86.806731
DRDALBSN,DR DB TODD JR BLVD & ALBION SB,36.166411,-86.805459
CHENEENF,CHEYENNE BLVD & NEELY'S BEND RD NB,36.241059,-86.67336
DRDALBNF,DR DB TODD JR BLVD & ALBION NB,36.166611,-86.805397
SHE16SWN,SHELBY AVE & S 16TH ST WB,36.170521,-86.74272
PORFRASF,PORTER & FRANKLIN SB,36.183255,-86.732786
PORBENSF,PORTER RD & BENJAMIN SB,36.185654,-86.73098
BRITALNN,BRICK CHURCH PIKE & TALBOTS CORNER NB,36.205174,-86.777841
LEBTYLSN,LEBANON PIKE & TYLER DR SB,36.201464,-86.617744
WBBTNF,WHITE BRIDGE RD & BROOKWOOD TERRACE,36.129801,-86.85491
WBBTSN,WHITE BRIDGE PIKE & BROOKWOOD TERRA,36.129506,-86.854763
WESCHRWN,WEST END & CHRISTOPHER WB,36.13278,-86.830579
18ACASNN,18TH AVE N & CASS ST NB,36.184445,-86.812277
CEC15AEN,CECILIA ST & 15TH AVE N EB,36.187534,-86.81149
CAS12AEN,CASS ST & 12TH AVE N EB,36.185483,-86.808334
CAS9AVEN,CASS ST & 9TH AVE N EB,36.186527,-86.804188
ROSHUMNN,ROSA PARKS BLVD & HUME ST NB,36.178845,-86.795014
GARJENWN,GARFIELD ST & JENKINS ST WB,36.179972,-86.798108
ROSHUMSN,ROSA PARKS BLVD & HUME ST SB,36.178888,-86.795338
NEEALLEM,NEELYS BEND RD & ALLEN PASS EB,36.24137,-86.67483
OLDCHRSN,OLD MATTHEWS & CHRIS ST SB,36.213582,-86.795242
DICMARSM,DICERKSON PIKE & MARIE SB,36.198467,-86.770894
DICEVASF,DICKERSON PIKE & EVANSTON RD SB,36.18983,-86.773075
BUCCEPWN,BUCHANAN ST & CEPHAS ST WB,36.180339,-86.805537
BAUGREEM,BAUGH RD & GREEN MEADOWS EB,36.06914,-86.935704
MTVCURNN,MT VIEW RD & CURTIS HOLLOW RD NB,36.050908,-86.650893
CHE2AVEF,CHESTNUT & 2ND AVE S EB,36.145891,-86.764291
DRDHERNF,DR DB TODD & HERMOSA NB,36.164543,-86.804504
DBTHEINF,DR DB TODD BLVD & HEIMAN ST NB,36.171661,-86.807475
DBTHEISF,DR DB TODD BLVD & HEIMAN ST SB,36.171184,-86.807413
DWMRTX,DICKERSON RD WALMART EXIT,36.24654,-86.757077
DICMAPNF,DICKERSON PIKE & MAPLEWOOD TRACE NB,36.233461,-86.758511
DICMAPSF,DICKERSON PIKE & MAPLEWOOD TRACE SB,36.232782,-86.758819
MCGMUSWF,MCGAVOCK PIKE & MUSIC VALLEY DR WB,36.21722,-86.6968
OPRCOMSN,OPRY MILLS DRIVE & COMMISSARY BLDNG,36.21431,-86.701
OPRWARSN,OPRY MILLS DRIVE & WARDROBE BLDNG,36.210818,-86.699784
DICBRONF,DICKERSON PIKE & BROADMOOR NB,36.229675,-86.759112
EAGDOVSN,EAGLEWOOD LN & DOVERSIDE DR SB,36.241298,-86.767984
OPRGENSN,OPRY MILLS DR & GENERAL JACKSON'S,36.204344,-86.695126
19SLILSF,S 19TH ST & LILLIAN ST SB,36.171708,-86.737265
WOO5STWF,WOODLAND ST & S 5TH ST WB,36.171619,-86.765476
RIVMCGSF,RIVERSIDE DR & MCGAVOCK PK SB,36.204352,-86.724137
COLHWYSF,COLICE JEANNE RD & HWY 70 SB,36.073501,-86.935334
COLBAUNF,COLICE JEANNE RD & BAUGH RD NB,36.069474,-86.933429
COLBAUSN,COLICE JEANNE RD & BAUGH RD SB,36.069342,-86.933604
MURTHOSF,MURFREESBORO PIKE & THOMPSON LANE SB,36.126341,-86.710864
DICWESSF,DICKERSON PIKE & WESTCHESTER DR SB,36.262972,-86.757457
DICBELNN,DICKERSON PIKE & BELLSHIRE DR NB,36.259203,-86.757722
GRAWDUSF,GRAYCROFT AVE & W DUE WEST AVE SB,36.248791,-86.734629
GRAWDUNN,GRAYCROFT AVE & W DUE WEST AVE NB,36.249038,-86.73439
DUESAUEF,W DUE WEST AVE & SAUNDERS AVE EB,36.248478,-86.728139
WDUSAUWF,W DUE WEST AVE & SAUNDERS AVE WB,36.248708,-86.729007
DICTUCNF,DICKERSON PIKE & TUCKAHOE DR NB,36.26144,-86.757429
DICDUENN,DICKERSON PIKE & DUE WEST AVE N NB,36.255357,-86.757746
EOL4AVEF,E OLD HICKORY BLVD & 4TH AVE EB,36.26271,-86.704983
BELDICWF,BELL GRIMES LN & DICKERSON PIKE WB,36.268507,-86.756811
BELBELWM,BELL GRIMES LN & BELLSHIRE ELEMENTA,36.269105,-86.762295
EDTHEINF,ED TEMPLE BLVD & HEIMAN ST NB,36.169972,-86.82122
EDTDRWNN,ED TEMPLE BLVD & DR WALTER S DAVIS,36.173768,-86.822424
EDTBUCNF,ED TEMPLE BLVD & BUCHANAN ST NB,36.181218,-86.824131
EDT28ANF,ED TEMPLE BLVD & 28TH AVE N NB,36.186297,-86.822882
EDTHEISN,ED TEMPLE BLVD & HEIMAN ST SB,36.169948,-86.821455
EDTDRWSF,ED TEMPLE BLVD & DR WALTER S DAVIS,36.173506,-86.822462
EDTBUCSN,ED TEMPLE BLVD & BUCHANAN ST SB,36.181151,-86.824348
EDT28ASF,ED TEMPLE BLVD & 28TH AVE N SB,36.185884,-86.82347
GLEBENEN,GLEN ECHO RD & BENHAM AVE EB,36.107998,-86.809671
HILRICSN,HILLMONT DR & RICHARD JONES RD,36.104937,-86.808859
LONSHASN,LONE OAK RD & SHACKLEFORD RD SB,36.102367,-86.808971
STRGALEF,STRATFORD AVE & GALLATIN PIKE EB,36.214368,-86.729807
STRKENEN,STRATFORD AVE & KENNEDY AVE EB,36.213216,-86.721787
KENARDNN,KENNEDY AVE & ARDEE AVE NB,36.21547,-86.719777
NDUDUPWM,N DUPONT AVE & DUPONT AVE APARTMENT,36.267293,-86.696937
REVWHIWF,REVELS DR & WHITES CREEK PK WB,36.221122,-86.805488
PORCRENF,PORTER RD & CREIGHTON AVE NB,36.190996,-86.727937
PORCRESN,PORTER RD & CREIGHTON AVE SB,36.191002,-86.728102
SKYSKYWN,SKYLINE RIDGE DR & SKYLINE HOSP WB,36.248661,-86.748798
S20BOSNN,S 20TH ST & BOSCOBEL ST NB,36.170894,-86.735729
32ABATSF,32ND AVE N & BATAVIA ST SB,36.160266,-86.824094
ELMPOPWN,ELM HILL PIKE & POPLAR ST WB,36.14392,-86.727437
HER28AWM,HERMAN ST & 28TH AVE N WB,36.16191,-86.81808
HARDAVWM,HARDING PIKE & DAVIDSON RD WB,36.107804,-86.866338
HARLEAEM,HARDING PIKE & LEAKE AVE EB,36.107166,-86.866652
LAWSON H,LAWSON HIGH SCHOOL,36.078548,-86.977047
CHALILSN,CHARLOTTE PIKE & LILY VALLEY WAY SB,36.12604,-86.90913
CHA720SN,CHARLOTTE PIKE & 7201 CHARLOTTE PIK,36.124174,-86.910723
CHAOLDSN,CHARLOTTE PIKE & OLD CHARLOTTE PIKE,36.120114,-86.9183
OLDCHASF,OLD HICKORY BLVD & CHARLOTTE PIKE S,36.115983,-86.923308
H70BELWF,HWY 70S & BELLEVUE RD WB,36.075661,-86.940641
H70HARWF,HWY 70S & HARPETH VALLEY RD WB,36.082487,-86.958546
H70HAREN,HWY 70S & HARPETH VALLEY RD EB,36.082232,-86.958489
H70BELEF,HWY 70S & BELLEVUE RD EB,36.075258,-86.939905
OLDHINNF,OLD HICKORY BLVD & HINDU TEMPLE NB,36.101589,-86.922733
OLDCHANN,OLD HICKORY BLVD & CHARLOTTE PIKE N,36.116014,-86.923075
CHAOLDNF,CHARLOTTE PIKE & OLD CHARLOTTE PIKE,36.120068,-86.918141
CHA720NF,CHARLOTTE PIKE & 7201 CHARLOTTE PIK,36.124359,-86.910299
CHALILNN,CHARLOTTE PIKE & LILY VALLEY WAY NB,36.126111,-86.908831
OLDWOONF,OLD HICKORY BLVD & WOODBURY FALLS D,36.087721,-86.920569
H70CROWF,HWY 70 S & CROSS TIMBERS DR WB,36.07424,-86.93569
OLDROCSN,OLD HICKORY BLVD & ROCKY LANE SB,36.108093,-86.922562
2AJOHSM,2ND AVE N & JO JOHNSON AVE SB,36.169715,-86.78005
32AALAEF,32ND AVE N & ALAMEDA ST,36.164781,-86.825204
WALRAIWN,WALSH & RAINS WB (GEODIS),36.132889,-86.764667
WALRAIEF,WALSH & RAINS EB (GEODIS),36.132647,-86.763788
KINHAYWN,KINGS LN & HAYNES PARK DR WB,36.218863,-86.834114
HARGALWF,HART LANE & GALLATIN PIKE WB,36.211961,-86.733179
HARSAUWF,HART LANE & SAUNDERS AVE WB,36.216234,-86.738107
HARBENWF,HART LANE & BEN ALLEN RD WB,36.217623,-86.743784
HARGASEF,HART LANE & R.S. GASS BLVE EB,36.217331,-86.743048
HARSAUEN,HART LANE & SAUNDERS AVE EB,36.216218,-86.738395
HARGALEN,HART LANE & GALLATIN PIKE EB,36.212071,-86.733838
BOYBUESF,BOYD DR & BUENAVIEW BLVD SB,36.227504,-86.827355
CLAFAINM,CLARKSVILLE PIKE & E FAIRVIEW DR NB,36.209699,-86.839201
BUEHUMNN,BUENA VISTA PIKE & HUMMINGBIRD DR NB,36.21915,-86.820867
BUEKINNN,BUENA VISTA PIKE & KINGS LN NB,36.220848,-86.821294
BUEKINNM,BUENA VISTA PIKE & KINGS LN NB,36.226077,-86.822754
BUEBUEWF,BUENAVIEW BLVD & BUENA VISTA PIKE WB,36.228315,-86.824139
LYTBOYSF,LYTLE DR & BOYD DR SB,36.222357,-86.827158
MEALYTSN,MEADOW HILL DR & LYTLE DR SB,36.221266,-86.825115
KINMEAWF,KINGS LN & MEADOW HILL DR WB,36.220183,-86.825755
KINBOYEN,KINGS LN & BOYD DR EB,36.219455,-86.829027
KINBOYWN,KINGS LN & BOYD DR WB,36.219588,-86.828684
KINCLAEN,KINGS LN & CLARKSVILLE PK EB,36.218413,-86.837493
KINTIMEF,KINGS LN & TIMOTHY DR EB,36.217648,-86.844473
CRECRENF,CREEKWOOD & CREEKLAND CT NB,36.216902,-86.846095
CRECREWN,CREEKWAY CT & CREEKWOOD WB,36.213814,-86.845683
TIMFAINF,TIMOTHY DR & FAIRVIEW DR NB,36.212284,-86.844614
CLAABENN,CLARKSVILLE PIKE & ABERNATHY RD NB,36.203152,-86.84037
CLAASHNF,CLARKSVILLE PIKE & ASHLAND CITY HWY NB,36.198551,-86.837911
CLAMANNN,CLARKSVILLE PIKE & MANCHESTER AVE S NB,36.195381,-86.833777
CLASHANF,CLARKSVILLE PIKE & S HAMILTON RD NB,36.194185,-86.831771
WHIUPSNN,WHITES CREEK PIKE & UPS NB,36.231161,-86.813101
KNIFEDNN,KNIGHT AND FEDEX GROUND DR SB,36.235395,-86.803416
EWIGWYEN,EWING DR & GWYNNWOOD DR EB,36.231452,-86.792609
BRCBRCSN,BRICK CHURCH PIKE AND BRICK CHURCH PARK DR SB,36.223861,-86.782371
BRCFERSN,BRICK CHURCH PIKE AND FERENCO SB,36.220106,-86.782445
BRIAVOSF,BRICK CHURCH PIKE AND AVONDALE SB,36.208172,-86.777881
ROSGARNN,ROSA PARKS BLVD & GARFIELD ST NB,36.180509,-86.796108
DOMMETWF,DOMINICAN DR & METRO CENTER BLVD WB,36.187867,-86.799129
ATHDOMNM,ATHENS WAY & DOMINICAN DR NB,36.189393,-86.800943
10APONSF,10TH AVE N & PONDER PL SB,36.190243,-86.80616
CAS10AWF,CASS ST & 10TH AVE N WB,36.186299,-86.805513
CAS12AWF,CASS ST & 12TH AVE N WB,36.185502,-86.808626
CEC15AWF,CECILIA ST & 15TH AVE N WB,36.18757,-86.811806
18ACASSN,18TH AVE N & CASS ST SB,36.184707,-86.812363
ROS10AEF,ROSA L PARKS BLVD & 10TH AVE N EB,36.193498,-86.806291
VANFREEF,VANTAGE WAY & FRENCH LANDING DR EB,36.191031,-86.796501
GREVANNF,GREAT CIRCLE RD & VANTAGE WAY NB,36.193581,-86.791305
GRATHEWN,GREAT CIRCLE RD & ATHENS WAY WB,36.196292,-86.792515
OSA23AWF,OSAGE ST & 23RD AVE N WB,36.17665,-86.814005
ATHGRESM,ATHENS WAY & GREAT CIRCLE SB,36.198101,-86.798701
OSA23AEN,OSAGE ST & 23RD AVE N EB,36.176582,-86.813791
25AFINSF,25TH AVE N & FINLAND ST SB,36.176889,-86.816449
ATHFRENN,ATHENS WAY & FRENCH LANDING DR NB,36.195701,-86.799681
DEL26ASN,DELK AVE & 26TH AVE N EB,36.178496,-86.819349
26ASALSF,26TH AVE N & SALEM MASON DR SB,36.181858,-86.819448
BUECLIWN,BUENA VISTA PIKE & CLIFF DR WB,36.197348,-86.828025
BUECLIEF,BUENA VISTA PIKE & CLIFF DR EB,36.197289,-86.827815
BUEMATSM,BUENA VISTA PIKE & MATTIE ST SB,36.199387,-86.826058
BUEWTRWF,BUENA VISTA PIKE & W TRINITY LANE WB,36.202354,-86.820781
TRIKEEWF,TRINITY LANE & KEELING AVE WB,36.204322,-86.744838
TRIKEEEN,TRINITY LANE & KEELING AVE EB,36.204229,-86.745145
WTRBUEEM,W TRINITY LANE & BUENA VISTA PIKE EB,36.202697,-86.820139
ETRDRRWF,E TRINITY LANE & DR RICHARD G ADAMS WB,36.204616,-86.748096
ETRDRREN,E TRINITY LANE & DR RICHARD G ADAMS EB,36.204449,-86.747812
ETROAKWF,E TRINITY LANE & OAKWOOD AVE WB,36.204883,-86.752946
ETROAKEN,E TRINITY LANE & OAKWOOD AVE EB,36.204721,-86.752784
ETRJONWF,E TRINITY LANE & JONES AVE WB,36.205261,-86.758304
ETRJONEF,E TRINITY LANE & JONES AVE EB,36.20501,-86.756934
WTROLDWF,W TRINITY LANE & OLD BUENA VISTA RD WB,36.206074,-86.811501
WTRYOUEN,W TRINITY LANE & YOUNGS LANE EB,36.205929,-86.811237
ATHMETNF,ATHENS WAY & METROCENTER NB,36.193781,-86.801301
GREROSSM,GREAT CIRCLE RD & ROSA L PARKS BLVD SB,36.196281,-86.808701
GREROSNM,GREAT CIRCLE RD & ROSA L PARKS BLVD NB,36.196341,-86.808501
MAIGREWM,MAINSTREAM DR & GREAT CIRCLE RD WB,36.199731,-86.809301
MAIFREEF,MAINSTREAM DR & FREELAND STN RD EB,36.199486,-86.812675
MAIFREWM,MAINSTREAM DR & FREELAND RD WB,36.199541,-86.812801
MNFREWM,MAINSTREAM DR & FREELAND RD WB,36.197911,-86.816701
MNFRESM,MAINSTREAM DR & FREELAND STN RD SB,36.195355,-86.817769
ROS24AEM,ROSA L PARKS BLVD & 24TH AVE N EB,36.191871,-86.817031
GALLELNF,GALLATIN AVE & LELAND AVE NB,36.204141,-86.73805
ETRDICEF,E TRINITY LANE & DICKERSON PIKE EB,36.205783,-86.768153
ETRDICWN,E TRINITY LANE & DICKERSON PIKE WB,36.205962,-86.768146
WTRMONWN,W TRINITY LANE & MONTICELLO DR WB,36.207391,-86.783657
WTRMONEF,W TRINITY LANE & MONTICELLO DR EB,36.207236,-86.783727
WTROLDWN,W TRINITY LANE & OLD MATTHEWS RD WB,36.208437,-86.788711
EWIBRIEN,EWING DR & BRICK CHURCH EB,36.23156,-86.781808
WTROLDEN,W TRINITY LANE & OLD MATTHEWS RD EB,36.208084,-86.789418
WTRWHIWF,W TRINITY LANE & WHITES CREEK PIKE WB,36.206981,-86.792213
WTRWHIEF,W TRINITY LANE & WHITES CREEK PIKE EB,36.207143,-86.791146
WTRLIVWF,W TRINITY LANE & LIVANO WB,36.207198,-86.799116
WTRLIVEN,W TRINITY LANE & LIVANO EB,36.206993,-86.799067
PONATHWM,PONDER PL & ATHENS WAY WB,36.191712,-86.804177
GREATHWN,GREAT CIRCLE RD & ATHENS WAY WB,36.198552,-86.795419
ATHGRENN,ATHENS WAY & GREAT CIRCLE RD NB,36.197779,-86.798586
OLDTRINF,OLD MATHEWS RD AND TRINITY HILLS PARKWAY NB,36.212319,-86.78952
BRITRISF,BRICK CHURCH PIKE & W TRINITY LN SB,36.205161,-86.778106
FAICLAWF,FAIRVIEW DR & CLARKSVILLE PK WB,36.211217,-86.839784
NNTC_1,N NASHVILLE TC BAY 1,36.185724,-86.817963
NNTC_3,N NASHVILLE TC BAY 3,36.185542,-86.818308
NNTC_4,N NASHVILLE TC BAY 4,36.185507,-86.818529
NNTC_2,N NASHVILLE TC BAY 2,36.185583,-86.818094
NNTC_9,N NASHVILLE TC BAY 9,36.186054,-86.818303
OLDPAPSN,OLD MATHEWS AND PAPUS CT. SB,36.21861,-86.793848
LEBDONWM,LEBANON PIKE & DONELSON PIKE WB,36.167234,-86.660707
ANDRACSN,ANDREW JACKSON PKWY & RACHEL DONELSON PASS SB,36.200513,-86.607944
HERSTAWF,HERMITAGE AVE & STANLEY ST WB,36.153394,-86.750708
LEBSPRNM,LEBANON PIKE & SPRING PLACE DR NB,36.174861,-86.646469
BRISOUSM,BRICK CHURCH PIKE AND SOUTHERLAND DR SB,36.213309,-86.779299
BRIWEANM,BRICK CHURCH PIKE AND WEAKLY AVE NB,36.198014,-86.776872
GRETISEF,GREEN LN & TISDALL DR EB,36.237063,-86.807033
TRILISEF,E TRINITY LANE & LISCHEY AVE EB,36.205309,-86.760613
ETRLISWM,E TRINITY LANE & LISCHEY AVE WB,36.205493,-86.761501
NNTC_10,N NASHVILLE TC BAY 10,36.186261,-86.818393
BRAPORSN,BRANCH ST & PORTER RD SB,36.194078,-86.726
ROSMAIWF,ROSA L PARKS BLVD & MAINSTREAM DR WB,36.19239,-86.81636
MERHANSN,MERIDIAN ST & HANCOCK ST SB,36.183933,-86.768553
FAILAFNF,FAIRFIELD AVE & LAFAYETTE ST NB,36.147733,-86.757673
FAICANNN,FAIRFIELD AVE & CANNON ST NB,36.150274,-86.756928
FAICANSF,FAIRFIELD AVE & CANNON ST SB,36.150129,-86.757133
MLK10AEF,MARTIN LUTHER KING JR & 10TH AVE N EB,36.163462,-86.787281
NNTC,NORTH NASHVILLE TRANSIT CENTER,36.185779,-86.818166
CLALAWNF,CLARKSVILLE PIKE & LAWRENCE NB,36.200325,-86.839068
CLALAWSN,CLARKSVILLE PIKE & LAWRENCE SB,36.200401,-86.839362
THOKROEF,E THOMPSON LN KROGER EB,36.111367,-86.724125
THOKROWN,E THOMPSON LN & KROGER WB,36.111501,-86.724335
BRIWOOSN,BRICK CHURCH PIKE & WOODFOLK AVE SB,36.217701,-86.781812
STORIVPR,STONES RIVER MALL PARK AND RIDE,35.84985,-86.419611
51SALANN,51ST AVE N & ALABAMA AVE NB,36.152941,-86.848543
ANTMIMWF,GLENCLIFF HS,36.100977,-86.72712
ANTCOLEF,GLENCLIFF HS,36.10082,-86.72712
BOYFARSF,BOYD DR & FARMVIEW DR SB,36.224917,-86.826556
MTC_12,MURFREESBORO TC BAY 12,35.842307,-86.409695
ARLMURSN,ARLINGTON & MURFREESBORO SB,36.139333,-86.732955
ARLMURNF,ARLINGTON & MURFREESBORO NB,36.139871,-86.732446
ELMARLEF,ELM HILL & ARLINGTON EB,36.143713,-86.729683
COOLPR,COOL SPRINGS PARK & RIDE,35.948425,-86.806047
WOOS1SEF,WOODLAND & S 1ST ST EB,36.169224,-86.77148
