Forecast_Number,Start_Time,End_Time,Temperature,Temperature_Unit,Precipitation_Probability,Wind_Speed,Wind_Direction,Short_Forecast,Latitude,Longitude
1,2026-09-23T17:00:00-05:00,2026-09-23T18:00:00-05:00,71,F,0,10 mph,N,Partly Sunny,36.1627,-86.7816
2,2026-09-23T18:00:00-05:00,2026-09-23T19:00:00-05:00,71,F,0,10 mph,N,Mostly Cloudy,36.1627,-86.7816
3,2026-09-23T19:00:00-05:00,2026-09-23T20:00:00-05:00,70,F,0,10 mph,N,Mostly Cloudy,36.1627,-86.7816
4,2026-09-23T20:00:00-05:00,2026-09-23T21:00:00-05:00,70,F,0,5 mph,N,Mostly Cloudy,36.1627,-86.7816
5,2026-09-23T21:00:00-05:00,2026-09-23T22:00:00-05:00,69,F,0,5 mph,N,Mostly Cloudy,36.1627,-86.7816
6,2026-09-23T22:00:00-05:00,2026-09-23T23:00:00-05:00,69,F,1,5 mph,N,Mostly Cloudy,36.1627,-86.7816
7,2026-09-23T23:00:00-05:00,2026-09-24T00:00:00-05:00,68,F,1,5 mph,N,Mostly Cloudy,36.1627,-86.7816
8,2026-09-24T00:00:00-05:00,2026-09-24T01:00:00-05:00,67,F,0,5 mph,N,Mostly Cloudy,36.1627,-86.7816
9,2026-09-24T01:00:00-05:00,2026-09-24T02:00:00-05:00,66,F,0,5 mph,N,Mostly Cloudy,36.1627,-86.7816
10,2026-09-24T02:00:00-05:00,2026-09-24T03:00:00-05:00,66,F,0,5 mph,N,Mostly Cloudy,36.1627,-86.7816
11,2026-09-24T03:00:00-05:00,2026-09-24T04:00:00-05:00,65,F,0,5 mph,N,Mostly Cloudy,36.1627,-86.7816
12,2026-09-24T04:00:00-05:00,2026-09-24T05:00:00-05:00,65,F,2,5 mph,N,Mostly Cloudy,36.1627,-86.7816
13,2026-09-24T05:00:00-05:00,2026-09-24T06:00:00-05:00,65,F,4,5 mph,N,Mostly Cloudy,36.1627,-86.7816
14,2026-09-24T06:00:00-05:00,2026-09-24T07:00:00-05:00,64,F,6,0 mph,,Mostly Cloudy,36.1627,-86.7816
15,2026-09-24T07:00:00-05:00,2026-09-24T08:00:00-05:00,64,F,4,0 mph,,Mostly Cloudy,36.1627,-86.7816
16,2026-09-24T08:00:00-05:00,2026-09-24T09:00:00-05:00,67,F,4,5 mph,NNE,Mostly Cloudy,36.1627,-86.7816
17,2026-09-24T09:00:00-05:00,2026-09-24T10:00:00-05:00,69,F,3,5 mph,NNE,Mostly Cloudy,36.1627,-86.7816
18,2026-09-24T10:00:00-05:00,2026-09-24T11:00:00-05:00,72,F,5,5 mph,NE,Mostly Cloudy,36.1627,-86.7816
19,2026-09-24T11:00:00-05:00,2026-09-24T12:00:00-05:00,74,F,3,5 mph,NE,Mostly Cloudy,36.1627,-86.7816
20,2026-09-24T12:00:00-05:00,2026-09-24T13:00:00-05:00,77,F,5,5 mph,NE,Mostly Cloudy,36.1627,-86.7816
21,2026-09-24T13:00:00-05:00,2026-09-24T14:00:00-05:00,79,F,1,5 mph,NE,Partly Sunny,36.1627,-86.7816
22,2026-09-24T14:00:00-05:00,2026-09-24T15:00:00-05:00,79,F,1,5 mph,NNE,Mostly Sunny,36.1627,-86.7816
23,2026-09-24T15:00:00-05:00,2026-09-24T16:00:00-05:00,80,F,1,5 mph,NNE,Mostly Sunny,36.1627,-86.7816
24,2026-09-24T16:00:00-05:00,2026-09-24T17:00:00-05:00,80,F,0,5 mph,NNE,Mostly Sunny,36.1627,-86.7816
25,2026-09-24T17:00:00-05:00,2026-09-24T18:00:00-05:00,79,F,0,10 mph,NNE,Mostly Sunny,36.1627,-86.7816
26,2026-09-24T18:00:00-05:00,2026-09-24T19:00:00-05:00,78,F,2,5 mph,NNE,Partly Cloudy,36.1627,-86.7816
27,2026-09-24T19:00:00-05:00,2026-09-24T20:00:00-05:00,77,F,0,5 mph,NNE,Partly Cloudy,36.1627,-86.7816
28,2026-09-24T20:00:00-05:00,2026-09-24T21:00:00-05:00,75,F,0,5 mph,N,Mostly Cloudy,36.1627,-86.7816
29,2026-09-24T21:00:00-05:00,2026-09-24T22:00:00-05:00,72,F,0,5 mph,NE,Partly Cloudy,36.1627,-86.7816
30,2026-09-24T22:00:00-05:00,2026-09-24T23:00:00-05:00,70,F,0,5 mph,NE,Mostly Clear,36.1627,-86.7816
31,2026-09-24T23:00:00-05:00,2026-09-25T00:00:00-05:00,69,F,0,5 mph,NE,Partly Cloudy,36.1627,-86.7816
32,2026-09-25T00:00:00-05:00,2026-09-25T01:00:00-05:00,67,F,0,5 mph,NE,Partly Cloudy,36.1627,-86.7816
33,2026-09-25T01:00:00-05:00,2026-09-25T02:00:00-05:00,66,F,0,5 mph,NE,Partly Cloudy,36.1627,-86.7816
34,2026-09-25T02:00:00-05:00,2026-09-25T03:00:00-05:00,65,F,0,5 mph,NE,Mostly Clear,36.1627,-86.7816
35,2026-09-25T03:00:00-05:00,2026-09-25T04:00:00-05:00,65,F,0,5 mph,NE,Mostly Clear,36.1627,-86.7816
36,2026-09-25T04:00:00-05:00,2026-09-25T05:00:00-05:00,64,F,0,5 mph,NE,Partly Cloudy,36.1627,-86.7816
37,2026-09-25T05:00:00-05:00,2026-09-25T06:00:00-05:00,63,F,0,5 mph,NE,Partly Cloudy,36.1627,-86.7816
38,2026-09-25T06:00:00-05:00,2026-09-25T07:00:00-05:00,63,F,0,5 mph,NE,Mostly Sunny,36.1627,-86.7816
39,2026-09-25T07:00:00-05:00,2026-09-25T08:00:00-05:00,62,F,0,5 mph,NE,Mostly Sunny,36.1627,-86.7816
40,2026-09-25T08:00:00-05:00,2026-09-25T09:00:00-05:00,65,F,0,5 mph,NE,Mostly Sunny,36.1627,-86.7816
41,2026-09-25T09:00:00-05:00,2026-09-25T10:00:00-05:00,69,F,0,5 mph,NE,Mostly Sunny,36.1627,-86.7816
42,2026-09-25T10:00:00-05:00,2026-09-25T11:00:00-05:00,72,F,0,5 mph,NE,Sunny,36.1627,-86.7816
43,2026-09-25T11:00:00-05:00,2026-09-25T12:00:00-05:00,74,F,0,5 mph,NE,Sunny,36.1627,-86.7816
44,2026-09-25T12:00:00-05:00,2026-09-25T13:00:00-05:00,77,F,0,5 mph,NNE,Mostly Sunny,36.1627,-86.7816
45,2026-09-25T13:00:00-05:00,2026-09-25T14:00:00-05:00,79,F,1,5 mph,NNE,Mostly Sunny,36.1627,-86.7816
46,2026-09-25T14:00:00-05:00,2026-09-25T15:00:00-05:00,80,F,1,5 mph,NNE,Mostly Sunny,36.1627,-86.7816
47,2026-09-25T15:00:00-05:00,2026-09-25T16:00:00-05:00,80,F,1,10 mph,NNE,Mostly Sunny,36.1627,-86.7816
48,2026-09-25T16:00:00-05:00,2026-09-25T17:00:00-05:00,81,F,1,10 mph,NNE,Sunny,36.1627,-86.7816
49,2026-09-25T17:00:00-05:00,2026-09-25T18:00:00-05:00,79,F,1,10 mph,NNE,Sunny,36.1627,-86.7816
50,2026-09-25T18:00:00-05:00,2026-09-25T19:00:00-05:00,78,F,1,5 mph,NNE,Mostly Clear,36.1627,-86.7816
51,2026-09-25T19:00:00-05:00,2026-09-25T20:00:00-05:00,76,F,0,5 mph,NNE,Mostly Clear,36.1627,-86.7816
52,2026-09-25T20:00:00-05:00,2026-09-25T21:00:00-05:00,73,F,0,5 mph,NNE,Mostly Clear,36.1627,-86.7816
53,2026-09-25T21:00:00-05:00,2026-09-25T22:00:00-05:00,70,F,0,5 mph,NE,Mostly Clear,36.1627,-86.7816
54,2026-09-25T22:00:00-05:00,2026-09-25T23:00:00-05:00,67,F,0,5 mph,NE,Mostly Clear,36.1627,-86.7816
55,2026-09-25T23:00:00-05:00,2026-09-26T00:00:00-05:00,65,F,0,5 mph,NE,Mostly Clear,36.1627,-86.7816
56,2026-09-26T00:00:00-05:00,2026-09-26T01:00:00-05:00,64,F,0,5 mph,NE,Mostly Clear,36.1627,-86.7816
57,2026-09-26T01:00:00-05:00,2026-09-26T02:00:00-05:00,62,F,0,5 mph,NE,Mostly Clear,36.1627,-86.7816
58,2026-09-26T02:00:00-05:00,2026-09-26T03:00:00-05:00,61,F,0,5 mph,NE,Mostly Clear,36.1627,-86.7816
59,2026-09-26T03:00:00-05:00,2026-09-26T04:00:00-05:00,60,F,0,5 mph,NE,Partly Cloudy,36.1627,-86.7816
60,2026-09-26T04:00:00-05:00,2026-09-26T05:00:00-05:00,59,F,0,5 mph,NE,Partly Cloudy,36.1627,-86.7816
61,2026-09-26T05:00:00-05:00,2026-09-26T06:00:00-05:00,58,F,0,5 mph,NE,Partly Cloudy,36.1627,-86.7816
62,2026-09-26T06:00:00-05:00,2026-09-26T07:00:00-05:00,58,F,0,0 mph,,Mostly Sunny,36.1627,-86.7816
63,2026-09-26T07:00:00-05:00,2026-09-26T08:00:00-05:00,57,F,0,0 mph,,Mostly Sunny,36.1627,-86.7816
64,2026-09-26T08:00:00-05:00,2026-09-26T09:00:00-05:00,61,F,0,0 mph,,Mostly Sunny,36.1627,-86.7816
65,2026-09-26T09:00:00-05:00,2026-09-26T10:00:00-05:00,65,F,0,0 mph,,Mostly Sunny,36.1627,-86.7816
66,2026-09-26T10:00:00-05:00,2026-09-26T11:00:00-05:00,69,F,0,0 mph,,Mostly Sunny,36.1627,-86.7816
67,2026-09-26T11:00:00-05:00,2026-09-26T12:00:00-05:00,72,F,0,0 mph,,Mostly Sunny,36.1627,-86.7816
68,2026-09-26T12:00:00-05:00,2026-09-26T13:00:00-05:00,75,F,0,5 mph,NE,Mostly Sunny,36.1627,-86.7816
69,2026-09-26T13:00:00-05:00,2026-09-26T14:00:00-05:00,78,F,1,5 mph,NNE,Partly Sunny,36.1627,-86.7816
70,2026-09-26T14:00:00-05:00,2026-09-26T15:00:00-05:00,79,F,1,5 mph,NNE,Partly Sunny,36.1627,-86.7816
71,2026-09-26T15:00:00-05:00,2026-09-26T16:00:00-05:00,80,F,1,5 mph,NNE,Partly Sunny,36.1627,-86.7816
72,2026-09-26T16:00:00-05:00,2026-09-26T17:00:00-05:00,81,F,1,5 mph,NNE,Partly Sunny,36.1627,-86.7816
73,2026-09-26T17:00:00-05:00,2026-09-26T18:00:00-05:00,79,F,1,5 mph,NNE,Partly Sunny,36.1627,-86.7816
74,2026-09-26T18:00:00-05:00,2026-09-26T19:00:00-05:00,77,F,1,5 mph,NNE,Mostly Cloudy,36.1627,-86.7816
75,2026-09-26T19:00:00-05:00,2026-09-26T20:00:00-05:00,76,F,2,5 mph,NNE,Mostly Cloudy,36.1627,-86.7816
76,2026-09-26T20:00:00-05:00,2026-09-26T21:00:00-05:00,73,F,2,5 mph,NNE,Mostly Cloudy,36.1627,-86.7816
77,2026-09-26T21:00:00-05:00,2026-09-26T22:00:00-05:00,69,F,2,5 mph,NE,Mostly Cloudy,36.1627,-86.7816
78,2026-09-26T22:00:00-05:00,2026-09-26T23:00:00-05:00,67,F,2,5 mph,NE,Mostly Cloudy,36.1627,-86.7816
79,2026-09-26T23:00:00-05:00,2026-09-27T00:00:00-05:00,66,F,2,5 mph,NE,Mostly Cloudy,36.1627,-86.7816
80,2026-09-27T00:00:00-05:00,2026-09-27T01:00:00-05:00,65,F,2,0 mph,,Mostly Cloudy,36.1627,-86.7816
81,2026-09-27T01:00:00-05:00,2026-09-27T02:00:00-05:00,64,F,7,0 mph,,Mostly Cloudy,36.1627,-86.7816
82,2026-09-27T02:00:00-05:00,2026-09-27T03:00:00-05:00,63,F,7,0 mph,,Mostly Cloudy,36.1627,-86.7816
83,2026-09-27T03:00:00-05:00,2026-09-27T04:00:00-05:00,62,F,7,0 mph,,Mostly Cloudy,36.1627,-86.7816
84,2026-09-27T04:00:00-05:00,2026-09-27T05:00:00-05:00,61,F,7,0 mph,,Mostly Cloudy,36.1627,-86.7816
85,2026-09-27T05:00:00-05:00,2026-09-27T06:00:00-05:00,60,F,7,0 mph,,Mostly Cloudy,36.1627,-86.7816
86,2026-09-27T06:00:00-05:00,2026-09-27T07:00:00-05:00,59,F,7,0 mph,,Partly Sunny,36.1627,-86.7816
87,2026-09-27T07:00:00-05:00,2026-09-27T08:00:00-05:00,59,F,3,0 mph,,Partly Sunny,36.1627,-86.7816
88,2026-09-27T08:00:00-05:00,2026-09-27T09:00:00-05:00,62,F,3,0 mph,,Partly Sunny,36.1627,-86.7816
89,2026-09-27T09:00:00-05:00,2026-09-27T10:00:00-05:00,66,F,3,0 mph,,Partly Sunny,36.1627,-86.7816
90,2026-09-27T10:00:00-05:00,2026-09-27T11:00:00-05:00,70,F,3,0 mph,,Partly Sunny,36.1627,-86.7816
91,2026-09-27T11:00:00-05:00,2026-09-27T12:00:00-05:00,74,F,3,0 mph,,Partly Sunny,36.1627,-86.7816
92,2026-09-27T12:00:00-05:00,2026-09-27T13:00:00-05:00,77,F,3,5 mph,NE,Partly Sunny,36.1627,-86.7816
93,2026-09-27T13:00:00-05:00,2026-09-27T14:00:00-05:00,80,F,6,5 mph,NE,Mostly Sunny,36.1627,-86.7816
94,2026-09-27T14:00:00-05:00,2026-09-27T15:00:00-05:00,82,F,6,5 mph,NNE,Mostly Sunny,36.1627,-86.7816
95,2026-09-27T15:00:00-05:00,2026-09-27T16:00:00-05:00,82,F,6,5 mph,NNE,Mostly Sunny,36.1627,-86.7816
96,2026-09-27T16:00:00-05:00,2026-09-27T17:00:00-05:00,82,F,6,5 mph,NNE,Mostly Sunny,36.1627,-86.7816
97,2026-09-27T17:00:00-05:00,2026-09-27T18:00:00-05:00,80,F,6,5 mph,NNE,Mostly Sunny,36.1627,-86.7816
98,2026-09-27T18:00:00-05:00,2026-09-27T19:00:00-05:00,78,F,6,5 mph,NE,Partly Cloudy,36.1627,-86.7816
99,2026-09-27T19:00:00-05:00,2026-09-27T20:00:00-05:00,75,F,8,5 mph,NE,Partly Cloudy,36.1627,-86.7816
100,2026-09-27T20:00:00-05:00,2026-09-27T21:00:00-05:00,72,F,8,5 mph,NE,Partly Cloudy,36.1627,-86.7816
101,2026-09-27T21:00:00-05:00,2026-09-27T22:00:00-05:00,69,F,8,5 mph,NE,Partly Cloudy,36.1627,-86.7816
102,2026-09-27T22:00:00-05:00,2026-09-27T23:00:00-05:00,66,F,8,5 mph,NE,Partly Cloudy,36.1627,-86.7816
103,2026-09-27T23:00:00-05:00,2026-09-28T00:00:00-05:00,65,F,8,5 mph,ENE,Partly Cloudy,36.1627,-86.7816
104,2026-09-28T00:00:00-05:00,2026-09-28T01:00:00-05:00,64,F,8,0 mph,,Partly Cloudy,36.1627,-86.7816
105,2026-09-28T01:00:00-05:00,2026-09-28T02:00:00-05:00,63,F,6,0 mph,,Partly Cloudy,36.1627,-86.7816
106,2026-09-28T02:00:00-05:00,2026-09-28T03:00:00-05:00,62,F,6,0 mph,,Partly Cloudy,36.1627,-86.7816
107,2026-09-28T03:00:00-05:00,2026-09-28T04:00:00-05:00,61,F,6,0 mph,,Partly Cloudy,36.1627,-86.7816
108,2026-09-28T04:00:00-05:00,2026-09-28T05:00:00-05:00,60,F,6,0 mph,,Partly Cloudy,36.1627,-86.7816
109,2026-09-28T05:00:00-05:00,2026-09-28T06:00:00-05:00,58,F,6,0 mph,,Partly Cloudy,36.1627,-86.7816
110,2026-09-28T06:00:00-05:00,2026-09-28T07:00:00-05:00,57,F,6,0 mph,,Mostly Sunny,36.1627,-86.7816
111,2026-09-28T07:00:00-05:00,2026-09-28T08:00:00-05:00,58,F,4,0 mph,,Mostly Sunny,36.1627,-86.7816
112,2026-09-28T08:00:00-05:00,2026-09-28T09:00:00-05:00,61,F,4,0 mph,,Mostly Sunny,36.1627,-86.7816
113,2026-09-28T09:00:00-05:00,2026-09-28T10:00:00-05:00,66,F,4,0 mph,,Mostly Sunny,36.1627,-86.7816
114,2026-09-28T10:00:00-05:00,2026-09-28T11:00:00-05:00,71,F,4,0 mph,,Mostly Sunny,36.1627,-86.7816
115,2026-09-28T11:00:00-05:00,2026-09-28T12:00:00-05:00,75,F,4,0 mph,,Mostly Sunny,36.1627,-86.7816
116,2026-09-28T12:00:00-05:00,2026-09-28T13:00:00-05:00,79,F,4,5 mph,ENE,Mostly Sunny,36.1627,-86.7816
117,2026-09-28T13:00:00-05:00,2026-09-28T14:00:00-05:00,82,F,7,5 mph,ENE,Sunny,36.1627,-86.7816
118,2026-09-28T14:00:00-05:00,2026-09-28T15:00:00-05:00,84,F,7,5 mph,ENE,Sunny,36.1627,-86.7816
119,2026-09-28T15:00:00-05:00,2026-09-28T16:00:00-05:00,85,F,7,5 mph,ENE,Sunny,36.1627,-86.7816
120,2026-09-28T16:00:00-05:00,2026-09-28T17:00:00-05:00,85,F,7,5 mph,NE,Sunny,36.1627,-86.7816
121,2026-09-28T17:00:00-05:00,2026-09-28T18:00:00-05:00,84,F,7,5 mph,NE,Sunny,36.1627,-86.7816
122,2026-09-28T18:00:00-05:00,2026-09-28T19:00:00-05:00,81,F,7,5 mph,NE,Mostly Clear,36.1627,-86.7816
123,2026-09-28T19:00:00-05:00,2026-09-28T20:00:00-05:00,78,F,4,5 mph,NE,Mostly Clear,36.1627,-86.7816
124,2026-09-28T20:00:00-05:00,2026-09-28T21:00:00-05:00,75,F,4,5 mph,ENE,Mostly Clear,36.1627,-86.7816
125,2026-09-28T21:00:00-05:00,2026-09-28T22:00:00-05:00,71,F,4,5 mph,E,Mostly Clear,36.1627,-86.7816
126,2026-09-28T22:00:00-05:00,2026-09-28T23:00:00-05:00,68,F,4,5 mph,E,Mostly Clear,36.1627,-86.7816
127,2026-09-28T23:00:00-05:00,2026-09-29T00:00:00-05:00,66,F,4,5 mph,E,Mostly Clear,36.1627,-86.7816
128,2026-09-29T00:00:00-05:00,2026-09-29T01:00:00-05:00,65,F,4,0 mph,,Mostly Clear,36.1627,-86.7816
129,2026-09-29T01:00:00-05:00,2026-09-29T02:00:00-05:00,64,F,3,0 mph,,Mostly Clear,36.1627,-86.7816
130,2026-09-29T02:00:00-05:00,2026-09-29T03:00:00-05:00,63,F,3,0 mph,,Mostly Clear,36.1627,-86.7816
131,2026-09-29T03:00:00-05:00,2026-09-29T04:00:00-05:00,62,F,3,0 mph,,Mostly Clear,36.1627,-86.7816
132,2026-09-29T04:00:00-05:00,2026-09-29T05:00:00-05:00,62,F,3,0 mph,,Mostly Clear,36.1627,-86.7816
133,2026-09-29T05:00:00-05:00,2026-09-29T06:00:00-05:00,61,F,3,0 mph,,Mostly Clear,36.1627,-86.7816
134,2026-09-29T06:00:00-05:00,2026-09-29T07:00:00-05:00,61,F,3,0 mph,,Sunny,36.1627,-86.7816
135,2026-09-29T07:00:00-05:00,2026-09-29T08:00:00-05:00,62,F,6,0 mph,,Sunny,36.1627,-86.7816
136,2026-09-29T08:00:00-05:00,2026-09-29T09:00:00-05:00,66,F,6,5 mph,SSE,Sunny,36.1627,-86.7816
137,2026-09-29T09:00:00-05:00,2026-09-29T10:00:00-05:00,71,F,6,5 mph,S,Sunny,36.1627,-86.7816
138,2026-09-29T10:00:00-05:00,2026-09-29T11:00:00-05:00,76,F,6,5 mph,S,Sunny,36.1627,-86.7816
139,2026-09-29T11:00:00-05:00,2026-09-29T12:00:00-05:00,81,F,6,5 mph,S,Sunny,36.1627,-86.7816
140,2026-09-29T12:00:00-05:00,2026-09-29T13:00:00-05:00,85,F,6,5 mph,S,Sunny,36.1627,-86.7816
141,2026-09-29T13:00:00-05:00,2026-09-29T14:00:00-05:00,88,F,14,5 mph,S,Sunny,36.1627,-86.7816
142,2026-09-29T14:00:00-05:00,2026-09-29T15:00:00-05:00,90,F,14,5 mph,S,Sunny,36.1627,-86.7816
143,2026-09-29T15:00:00-05:00,2026-09-29T16:00:00-05:00,90,F,14,10 mph,S,Sunny,36.1627,-86.7816
144,2026-09-29T16:00:00-05:00,2026-09-29T17:00:00-05:00,89,F,14,10 mph,S,Sunny,36.1627,-86.7816
145,2026-09-29T17:00:00-05:00,2026-09-29T18:00:00-05:00,88,F,14,10 mph,S,Sunny,36.1627,-86.7816
146,2026-09-29T18:00:00-05:00,2026-09-29T19:00:00-05:00,86,F,14,5 mph,SSE,Mostly Clear,36.1627,-86.7816
147,2026-09-29T19:00:00-05:00,2026-09-29T20:00:00-05:00,84,F,15,5 mph,SSE,Slight Chance Rain Showers,36.1627,-86.7816
148,2026-09-29T20:00:00-05:00,2026-09-29T21:00:00-05:00,81,F,15,10 mph,SSE,Slight Chance Rain Showers,36.1627,-86.7816
149,2026-09-29T21:00:00-05:00,2026-09-29T22:00:00-05:00,78,F,15,10 mph,SSE,Slight Chance Rain Showers,36.1627,-86.7816
150,2026-09-29T22:00:00-05:00,2026-09-29T23:00:00-05:00,75,F,15,10 mph,SSE,Slight Chance Rain Showers,36.1627,-86.7816
151,2026-09-29T23:00:00-05:00,2026-09-30T00:00:00-05:00,74,F,15,10 mph,SSE,Slight Chance Rain Showers,36.1627,-86.7816
152,2026-09-30T00:00:00-05:00,2026-09-30T01:00:00-05:00,73,F,15,10 mph,S,Slight Chance Rain Showers,36.1627,-86.7816
153,2026-09-30T01:00:00-05:00,2026-09-30T02:00:00-05:00,73,F,20,10 mph,S,Slight Chance Rain Showers,36.1627,-86.7816
154,2026-09-30T02:00:00-05:00,2026-09-30T03:00:00-05:00,72,F,20,10 mph,S,Slight Chance Rain Showers,36.1627,-86.7816
155,2026-09-30T03:00:00-05:00,2026-09-30T04:00:00-05:00,71,F,20,10 mph,S,Slight Chance Rain Showers,36.1627,-86.7816
156,2026-09-30T04:00:00-05:00,2026-09-30T05:00:00-05:00,70,F,20,10 mph,S,Slight Chance Rain Showers,36.1627,-86.7816
